predicate_raw,memories,relation_type,arity,similarity
assistant_recommendation,4191,recommended,speech,0.762
none,3459,other,unkeyed,0.000
travel_plans,197,planned_event,event,0.484
book_recommendations,96,recommended,speech,0.463
purchases,85,acquired,set,0.458
book_recommendation,84,recommended,speech,0.439
hobbies,80,practises_hobby,set,0.669
travel_history,79,event_occurred,event,0.602
events_attended,74,attended,set,0.756
books_read,64,read,set,0.745
recipe_recommendation,56,recommended,speech,0.491
restaurant_recommendation,50,recommended,speech,0.465
workshops_attended,49,attended,set,0.535
clothing_owned,48,owns,set,0.642
event_planning,46,planned_event,event,0.680
party_recommendation,41,recommended,speech,0.335
houseplants,39,grows,set,0.590
planned_events,36,planned_event,event,0.805
home_city,35,lives_in,single,0.572
collectibles,35,owns,set,0.412
possessions,34,owns,set,0.701
pet_supplies,34,owns_pet,single,0.569
spending,32,financial_activity,set,0.668
exercise_routine,32,routine,single,0.614
wake_up_time,30,routine,single,0.449
shopping_list,30,other,unknown,0.282
education,30,studies,single,0.466
musical_instruments,29,other,unknown,0.254
past_events,28,event_occurred,event,0.776
snack_recommendation,26,recommended,speech,0.355
planned_activities,26,planned_event,event,0.597
cooking_plans,25,planned_event,event,0.564
pets,23,owns_pet,single,0.643
clothing_purchases,23,acquired,set,0.399
past_trips,22,visited,set,0.562
reading_list,21,read,set,0.539
charity_events,21,attended,set,0.394
camera_gear,21,owns,set,0.362
recipe_recommendations,20,recommended,speech,0.487
plant_care_advice,20,recommended,speech,0.532
hotel_recommendation,20,recommended,speech,0.364
books_reading,20,read,set,0.736
recipe,19,cooked,set,0.584
purchased_items,19,acquired,set,0.526
morning_routine,19,routine,single,0.779
media_watched,19,watched,set,0.590
event_attendance,19,attended,set,0.678
job_title,18,works_as,single,0.714
hiking_recommendation,18,recommended,speech,0.315
gift_subscription_option,18,other,unknown,0.296
footwear,18,other,unknown,0.185
fitness_tracker,18,other,unknown,0.237
family_events,18,event_occurred,event,0.503
dinner_party_menu,18,ate_at,set,0.388
social_events,17,event_occurred,event,0.564
past_activities,17,event_occurred,event,0.511
paint_recommendation,17,recommended,speech,0.273
social_connections,16,knows_person,set,0.441
planned_trips,16,visited,set,0.506
past_travel,16,visited,set,0.597
interests,16,financial_activity,set,0.398
furniture,16,other,unknown,0.267
fitness_routine,16,routine,single,0.532
documentary_recommendations,16,recommended,speech,0.455
tokyo_recommendations,15,recommended,speech,0.329
museum_visits,15,visited,set,0.519
family_member,15,knows_person,set,0.497
concerts_attended,15,attended,set,0.606
car_maintenance,15,other,unknown,0.301
music_recommendations,14,recommended,speech,0.482
home_decor,14,grows,set,0.366
social_media_activity,13,listened_to,set,0.364
religious_attendance,13,attended,set,0.455
movies_watched,13,watched,set,0.735
medical_history,13,event_occurred,event,0.364
home_maintenance,13,other,unknown,0.298
gifts_purchased,13,acquired,set,0.478
event_plans,13,planned_event,event,0.770
coupons,13,other,unknown,0.172
breakfast_recommendation,13,recommended,speech,0.339
assistant_documentation,13,explained,speech,0.590
writing_project,12,completed,set,0.353
volunteering,12,practises_hobby,set,0.408
upcoming_events,12,planned_event,event,0.707
podcast_recommendations,12,recommended,speech,0.537
party_planning_advice,12,recommended,speech,0.346
name_etymology,12,other,unknown,0.215
media_consumption,12,listened_to,set,0.431
jewelry_owned,12,owns,set,0.489
games_played,12,other,unknown,0.303
dietary_preference,12,dietary_rule,single,0.560
credit_advice,12,recommended,speech,0.305
cooking_skills,12,cooked,set,0.619
cleaning_routine,12,routine,single,0.385
car,12,drives,single,0.501
bedtime,12,routine,single,0.388
work_experience,11,works_at,single,0.462
volunteer_work,11,practises_hobby,set,0.405
shopping_plans,11,planned_event,event,0.347
hiking_recommendations,11,recommended,speech,0.313
gift_purchases,11,acquired,set,0.433
fitness_goals,11,current_goal,single,0.549
employment_status,11,works_at,single,0.440
color_definitions,11,other,unknown,0.157
acquaintances,11,knows_person,set,0.670
zumba_music_recommendations,10,recommended,speech,0.322
workout_recommendation,10,recommended,speech,0.293
vinyl_collection,10,owns,set,0.355
tv_show_recommendations,10,recommended,speech,0.474
trips,10,visited,set,0.543
travel_recommendation,10,recommended,speech,0.541
song_recommendations,10,recommended,speech,0.394
social_plans,10,planned_event,event,0.462
social_media_usage,10,other,unknown,0.308
restaurant_recommendations,10,recommended,speech,0.464
research_interests,10,studies,single,0.481
recipe_collection,10,owns,set,0.496
podcasts_listened,10,listened_to,set,0.689
model_kit_recommendation,10,recommended,speech,0.302
learning_goals,10,current_goal,single,0.621
kyoto_recommendations,10,recommended,speech,0.266
design_team_leadership,10,team_size,single,0.487
cooking_classes,10,cooked,set,0.522
concert_attendance,10,attended,set,0.465
charity_participation,10,other,unknown,0.322
charity_donations,10,other,unknown,0.291
charitable_donations,10,other,unknown,0.289
bike_maintenance,10,other,unknown,0.297
assistant_recommendations,10,recommended,speech,0.789
ar_company_website,10,other,unknown,0.284
age,10,other,unknown,0.210
writing_projects,9,completed,set,0.355
travel_itinerary,9,visited,set,0.542
trail_recommendations,9,recommended,speech,0.343
task,9,completed,set,0.434
social_contacts,9,knows_person,set,0.472
professional_development,9,studies,single,0.356
planned_purchases,9,acquired,set,0.411
people_met,9,knows_person,set,0.412
gifts_given,9,other,unknown,0.301
gift_ideas,9,other,unknown,0.270
family_members,9,knows_person,set,0.457
current_projects,9,current_goal,single,0.438
cat_exercise_recommendation,9,recommended,speech,0.282
camera_equipment,9,owns,set,0.335
user_name,8,other,unknown,0.231
travel_recommendations,8,recommended,speech,0.533
theater_attendance,8,attended,set,0.470
spending_history,8,event_occurred,event,0.600
professional_network,8,other,unknown,0.306
professional_experience,8,other,unknown,0.344
power_bank_recommendation,8,recommended,speech,0.320
plant_fertilizer,8,grows,set,0.429
pantry_inventory,8,other,unknown,0.344
mexican_festival,8,other,unknown,0.282
media_consumed,8,listened_to,set,0.428
meal_prep_recommendation,8,recommended,speech,0.449
language_learning,8,other,unknown,0.280
jewelry,8,other,unknown,0.303
hiking_trail_recommendation,8,recommended,speech,0.302
hiking_plans,8,planned_event,event,0.278
guitar_lesson_recommendations,8,recommended,speech,0.236
gift_plans,8,planned_event,event,0.330
gardening,8,grows,set,0.686
garden_plants,8,grows,set,0.665
furniture_owned,8,owns,set,0.489
fitness_classes,8,other,unknown,0.338
daily_routine,8,routine,single,0.749
commute_duration,8,other,unknown,0.254
books_owned,8,owns,set,0.553
bird_sightings,8,other,unknown,0.322
astrology_reading,8,read,set,0.441
assistant_cocktail_recommendation,8,recommended,speech,0.511
assistant_book_recommendation,8,recommended,speech,0.616
accommodation,8,lives_in,single,0.421
yoga_schedule,7,routine,single,0.474
workshop_attendance,7,attended,set,0.642
weekly_schedule,7,routine,single,0.397
volunteering_history,7,event_occurred,event,0.332
upcoming_trips,7,visited,set,0.457
teaching_recommendation,7,recommended,speech,0.520
subscriptions,7,used_service,set,0.520
storage_bin_recommendation,7,recommended,speech,0.229
social_media_strategy,7,other,unknown,0.294
social_media_metrics,7,other,unknown,0.317
social_media_growth,7,other,unknown,0.287
social_connection,7,knows_person,set,0.418
skincare_routine,7,routine,single,0.314
skincare_products,7,other,unknown,0.275
skin_type,7,other,unknown,0.245
shows_watched,7,watched,set,0.763
shopping_transaction,7,acquired,set,0.408
research_topic,7,studies,single,0.396
reading_goal,7,current_goal,single,0.532
phone_policy_recommendation,7,recommended,speech,0.435
pet_toy_recommendation,7,recommended,speech,0.479
pet_name,7,owns_pet,single,0.575
occupation,7,works_as,single,0.660
military_info,7,other,unknown,0.197
kitchen_appliances,7,other,unknown,0.279
home_address,7,lives_in,single,0.496
gift_budget,7,financial_activity,set,0.328
future_plans,7,planned_event,event,0.603
fitness_goal,7,current_goal,single,0.576
fitness_activity,7,practises_hobby,set,0.476
financial_goals,7,current_goal,single,0.637
electronics_owned,7,owns,set,0.478
current_project,7,current_goal,single,0.386
courses_enrolled,7,studies,single,0.464
cooking_history,7,event_occurred,event,0.550
conservation_recommendations,7,recommended,speech,0.364
commute_routine,7,routine,single,0.415
collections,7,owns,set,0.401
collectibles_owned,7,owns,set,0.657
charity_fundraising,7,other,unknown,0.276
charity_event,7,attended,set,0.425
certifications,7,other,unknown,0.311
career_goals,7,current_goal,single,0.595
carbon_footprint_advice,7,recommended,speech,0.250
athens_restaurant_recommendation,7,recommended,speech,0.382
assistant_design,7,explained,speech,0.527
art_collection,7,owns,set,0.337
ancestry,7,other,unknown,0.328
acquaintance_interests,7,knows_person,set,0.604
work_schedule,6,routine,single,0.458
work_projects,6,works_at,single,0.414
winery_info,6,other,unknown,0.181
watchlist,6,watched,set,0.577
watch_retailer_recommendation,6,recommended,speech,0.442
vacation_plans,6,planned_event,event,0.400
user_profession,6,works_as,single,0.562
tv_shows_watching,6,watched,set,0.653
tv_shows,6,watched,set,0.538
travel_interests,6,visited,set,0.506
travel_gear,6,owns,set,0.372
travel_advice,6,recommended,speech,0.540
trail_info,6,other,unknown,0.259
tech_stack,6,other,unknown,0.207
suspension_recommendations,6,recommended,speech,0.304
surname_etymology,6,other,unknown,0.272
stamp_collection,6,owns,set,0.321
social_activity,6,practises_hobby,set,0.449
sleep_schedule,6,routine,single,0.496
seasickness_prevention_advice,6,recommended,speech,0.284
running_performance,6,other,unknown,0.172
relationship_status,6,relationship_status,single,0.814
recipe_provided,6,cooked,set,0.413
reading_interests,6,read,set,0.550
reading_habit,6,routine,single,0.606
professional_contacts,6,recommended,speech,0.395
owned_items,6,owns,set,0.742
music_interests,6,listened_to,set,0.542
model_projects,6,other,unknown,0.291
ml_framework,6,other,unknown,0.225
loyalty_points,6,other,unknown,0.239
jewelry_maintenance,6,other,unknown,0.220
home_location,6,lives_in,single,0.632
home_improvement_plans,6,planned_event,event,0.267
guitar_lessons,6,other,unknown,0.193
grocery_spending,6,financial_activity,set,0.528
grocery_purchases,6,acquired,set,0.356
games_completed,6,completed,set,0.529
game_progress,6,other,unknown,0.334
fictional_character,6,other,unknown,0.276
education_goals,6,current_goal,single,0.564
dining_plans,6,planned_event,event,0.485
data_breach_record,6,other,unknown,0.269
dance_classes,6,other,unknown,0.293
cycling_equipment,6,owns,set,0.347
content_creation_plans,6,planned_event,event,0.355
cocktail_recipe,6,other,unknown,0.299
clothing,6,owns,set,0.394
cleaning_tasks,6,other,unknown,0.272
chamberlin_usage,6,other,unknown,0.104
car_expenses,6,financial_activity,set,0.398
camera_collection,6,owns,set,0.319
business_name,6,other,unknown,0.317
breakfast_pastry_recommendation,6,recommended,speech,0.256
bike_accessories,6,owns,set,0.372
bbq_recommendations,6,recommended,speech,0.273
baking_plans,6,planned_event,event,0.389
audiobook_narrators,6,other,unknown,0.297
audiobook_narration,6,other,unknown,0.295
athens_view_recommendation,6,recommended,speech,0.309
assistant_code_contribution,6,explained,speech,0.366
assistant_campaigns,6,recommended,speech,0.450
aquarium,6,other,unknown,0.309
amp_recommendations,6,recommended,speech,0.273
album_track,6,other,unknown,0.348
ai_image_prompts,6,other,unknown,0.250
workout_routine,5,routine,single,0.557
work_hours,5,works_at,single,0.382
work_history,5,event_occurred,event,0.522
winery_tasting_fee,5,other,unknown,0.155
wilderness_regulation,5,other,unknown,0.265
water_filter_recommendation,5,recommended,speech,0.262
water_bottle_recommendation,5,recommended,speech,0.243
vr_simulation_recommendation,5,recommended,speech,0.240
venice_restaurant_recommendation,5,recommended,speech,0.368
utensil_holder_recommendations,5,recommended,speech,0.247
user_plans,5,planned_event,event,0.416
user_interests,5,other,unknown,0.341
un_history,5,event_occurred,event,0.304
ukulele_lesson_recommendations,5,recommended,speech,0.254
trekking_pole_recommendation,5,recommended,speech,0.228
training_destination_recommendation,5,recommended,speech,0.421
tire_recommendations,5,recommended,speech,0.211
tennis_activity,5,practises_hobby,set,0.351
software_pricing,5,other,unknown,0.298
social_media_breaks,5,other,unknown,0.219
social_circle_news,5,other,unknown,0.263
sochi_recommendations,5,recommended,speech,0.323
smartwatch,5,watched,set,0.364
skincare_recommendations,5,recommended,speech,0.429
shopping_interests,5,other,unknown,0.344
shopping_intent,5,current_goal,single,0.381
scholarship_info,5,other,unknown,0.341
scheduled_activities,5,planned_event,event,0.482
savoy_landmark,5,other,unknown,0.266
running_shoes,5,other,unknown,0.161
running_goals,5,current_goal,single,0.563
rostov_recommendation,5,recommended,speech,0.330
property_ownership,5,owns,set,0.682
projects,5,completed,set,0.379
project_plans,5,planned_event,event,0.468
plano_headquarters,5,other,unknown,0.252
pet_scratching_post_recommendation,5,recommended,speech,0.419
pet_care,5,owns_pet,single,0.590
party_theme,5,other,unknown,0.197
os_development,5,other,unknown,0.306
nassim_haramein_books,5,read,set,0.379
music_recommendation,5,recommended,speech,0.492
model_paint_recommendation,5,recommended,speech,0.264
merger_communication_strategy,5,other,unknown,0.237
medical_appointments,5,attended,set,0.374
meal_plan,5,planned_event,event,0.460
loyalty_programs,5,used_service,set,0.369
lost_items,5,other,unknown,0.319
lifeguard_safety_recommendation,5,recommended,speech,0.294
jewelry_collection,5,owns,set,0.369
houseplant,5,grows,set,0.492
hotel_recommendations,5,recommended,speech,0.345
home_zip_code,5,other,unknown,0.332
home_projects,5,grows,set,0.368
health_condition,5,health_status,single,0.719
guitar_humidifier_recommendations,5,recommended,speech,0.192
groceries,5,ate_at,set,0.362
friend,5,other,unknown,0.265
footwear_owned,5,owns,set,0.430
food_tried,5,ate_at,set,0.381
food_prepared,5,cooked,set,0.624
food_orders,5,ate_at,set,0.631
follow_up_task,5,current_goal,single,0.360
family_news,5,other,unknown,0.326
family_activities,5,practises_hobby,set,0.460
employment,5,works_at,single,0.557
eco_friendly_shoe_recommendation,5,recommended,speech,0.252
earbuds,5,other,unknown,0.281
display_case_recommendations,5,recommended,speech,0.260
director_filmography,5,other,unknown,0.255
dietary_habits,5,dietary_rule,single,0.553
dietary_goals,5,current_goal,single,0.494
diet,5,dietary_rule,single,0.550
costa_rica_recommendation,5,recommended,speech,0.305
cooking_plan,5,planned_event,event,0.547
computer_maintenance,5,other,unknown,0.282
commute_time,5,other,unknown,0.262
coin_collecting_resource,5,other,unknown,0.329
clothing_items,5,owns,set,0.426
career_achievement,5,milestone,event,0.463
cardano_proposal,5,other,unknown,0.214
car_owned,5,owns,set,0.657
business_venture,5,other,unknown,0.297
books_authored,5,read,set,0.546
bike_carrier_recommendation,5,recommended,speech,0.165
bicycle,5,other,unknown,0.311
banking_chatbots,5,other,unknown,0.209
baking_history,5,event_occurred,event,0.393
backpack_recommendation,5,recommended,speech,0.237
baby_shower_theme,5,other,unknown,0.281
babur_history,5,event_occurred,event,0.188
assistant_technical_advice,5,recommended,speech,0.617
assistant_suggestion,5,recommended,speech,0.696
assistant_social_media_advice,5,recommended,speech,0.537
argentina_festival,5,other,unknown,0.321
aquarium_setup,5,other,unknown,0.201
aquarium_livestock,5,other,unknown,0.228
appraiser_directory,5,other,unknown,0.282
api_endpoint,5,other,unknown,0.266
airline_status,5,health_status,single,0.374
airline_recommendation,5,recommended,speech,0.318
airline_amenity,5,other,unknown,0.248
zip_code,4,other,unknown,0.224
yoga_routine,4,routine,single,0.457
yoga_practice,4,other,unknown,0.328
yoga_classes,4,other,unknown,0.337
writing_tools,4,uses_tool,single,0.521
work_project,4,works_at,single,0.364
work_events,4,event_occurred,event,0.521
work_achievements,4,works_as,single,0.457
weekly_routine,4,routine,single,0.638
wedding_planning,4,planned_event,event,0.397
water_bottle,4,other,unknown,0.189
vr_educational_tool,4,other,unknown,0.240
volunteer_history,4,event_occurred,event,0.331
video_games,4,practises_hobby,set,0.369
user_interest,4,recommended,speech,0.362
university_funding,4,financial_activity,set,0.371
travel_plan,4,planned_event,event,0.482
track_gear_recommendation,4,recommended,speech,0.334
task_management_tool,4,uses_tool,single,0.548
suspension_specs,4,other,unknown,0.172
supplier_recommendation,4,recommended,speech,0.310
successful_fishers,4,other,unknown,0.163
store_visits,4,visited,set,0.455
sports_activity,4,practises_hobby,set,0.513
software_usage,4,uses_tool,single,0.535
social_media_hashtags,4,other,unknown,0.217
sneakers,4,other,unknown,0.217
snack_habit,4,routine,single,0.396
skills_learned,4,other,unknown,0.281
singing_playing_recommendations,4,recommended,speech,0.410
shopping_interest,4,financial_activity,set,0.438
scheduled_events,4,planned_event,event,0.708
salsa_shoe_recommendations,4,recommended,speech,0.199
running_routine,4,routine,single,0.472
running_goal,4,current_goal,single,0.543
router,4,other,unknown,0.204
rippling_role_detail,4,other,unknown,0.318
religious_activities,4,practises_hobby,set,0.415
recurring_activities,4,routine,single,0.535
recipes,4,cooked,set,0.604
real_estate,4,lives_in,single,0.435
reading_habits,4,read,set,0.662
project_management_tool,4,uses_tool,single,0.522
productivity_tools,4,uses_tool,single,0.597
planned_projects,4,planned_event,event,0.532
planned_activity,4,planned_event,event,0.615
physical_activity,4,practises_hobby,set,0.573
phone_case,4,other,unknown,0.219
personal_possessions,4,owns,set,0.685
pasteurization_method,4,other,unknown,0.171
past_event,4,event_occurred,event,0.782
party_props,4,other,unknown,0.259
party_planning,4,planned_event,event,0.429
partner_name,4,relationship_status,single,0.424
packing_list,4,other,unknown,0.207
orlando_attractions,4,other,unknown,0.332
online_purchases,4,acquired,set,0.364
observatory_projects,4,other,unknown,0.217
new_orleans_restaurant_recommendation,4,recommended,speech,0.374
netflix_recommendation,4,recommended,speech,0.477
mythology,4,other,unknown,0.240
musical_recommendations,4,recommended,speech,0.333
music_listening,4,listened_to,set,0.697
museum_visit,4,visited,set,0.487
monitor_recommendations,4,recommended,speech,0.351
midjourney_parameters,4,other,unknown,0.222
medication,4,other,unknown,0.332
medical_task,4,health_status,single,0.419
medical_devices,4,other,unknown,0.249
media_watchlist,4,watched,set,0.542
marketing_campaign,4,current_goal,single,0.362
maintenance_tasks,4,other,unknown,0.350
magazine_subscriptions,4,listened_to,set,0.393
living_room_decor,4,lives_in,single,0.393
livestock,4,other,unknown,0.293
legal_case_opinion,4,other,unknown,0.249
learning_interests,4,studies,single,0.418
laptop,4,other,unknown,0.215
kitchen_appliance,4,other,unknown,0.268
jj_sustainability_goal,4,current_goal,single,0.332
iot_pricing,4,other,unknown,0.320
howard_university_partnerships,4,other,unknown,0.238
household_purchases,4,acquired,set,0.333
homemade_food,4,cooked,set,0.574
home_organization,4,works_at,single,0.388
home_buying_status,4,other,unknown,0.312
health_status,4,health_status,single,0.823
health_advice,4,recommended,speech,0.452
grocery_list,4,ate_at,set,0.353
granola_ingredients,4,other,unknown,0.172
goat_care_recommendation,4,recommended,speech,0.359
goals,4,current_goal,single,0.623
games_finished,4,completed,set,0.444
game_played,4,other,unknown,0.234
game_inventory,4,owns,set,0.380
game_development,4,other,unknown,0.287
future_travel,4,visited,set,0.463
fundraising_goal,4,current_goal,single,0.470
footprint_specs,4,other,unknown,0.203
food_storage_advice,4,recommended,speech,0.304
food_recommendation,4,recommended,speech,0.415
fitness_schedule,4,routine,single,0.467
favorite_artists,4,other,unknown,0.337
family_milestones,4,milestone,event,0.728
family_history,4,event_occurred,event,0.425
family_event,4,event_occurred,event,0.493
exhibition_schedule,4,routine,single,0.440
exercise_plans,4,planned_event,event,0.463
employment_history,4,event_occurred,event,0.489
eminem_reference,4,other,unknown,0.214
elk_stack_requirements,4,other,unknown,0.138
display_plans,4,planned_event,event,0.304
dinner_menu,4,ate_at,set,0.474
dining_recommendation,4,recommended,speech,0.493
dance_class,4,other,unknown,0.292
daily_schedule,4,routine,single,0.541
daily_habits,4,routine,single,0.704
coupons_used,4,other,unknown,0.307
cooking_tip,4,cooked,set,0.426
cooking_instruction,4,cooked,set,0.584
cooking_ingredients,4,cooked,set,0.614
contacts_met,4,attended,set,0.417
commute_method,4,other,unknown,0.211
commute_habit,4,routine,single,0.401
colony_staff,4,other,unknown,0.330
coffee_preference,4,prefers,single,0.378
clothing_purchase,4,acquired,set,0.417
cleaning_recommendation,4,recommended,speech,0.429
classes_taken,4,studies,single,0.386
classes,4,other,unknown,0.345
children,4,other,unknown,0.187
charity_interests,4,financial_activity,set,0.401
cat_supplies,4,owns_pet,single,0.380
car_expense,4,drives,single,0.386
car_accessories,4,drives,single,0.392
cable_management_recommendation,4,recommended,speech,0.273
business_ownership,4,owns,set,0.595
business_activity,4,financial_activity,set,0.425
breakfast_routine,4,routine,single,0.641
books_to_read,4,read,set,0.683
books_read_count,4,read,set,0.662
booked_activities,4,attended,set,0.433
birthday,4,milestone,event,0.518
birding_activity,4,practises_hobby,set,0.354
bedtime_routine,4,routine,single,0.589
baking_advice,4,recommended,speech,0.423
badr_rules,4,other,unknown,0.285
author_recommendations,4,recommended,speech,0.485
art_purchases,4,acquired,set,0.342
apps_used,4,used_service,set,0.547
addressable_market,4,other,unknown,0.219
accommodation_recommendation,4,recommended,speech,0.369
zombie_design,3,other,unknown,0.167
zombie_ability,3,other,unknown,0.147
yoga_retreat,3,other,unknown,0.270
yoga_frequency,3,other,unknown,0.322
workshop_recommendation,3,recommended,speech,0.453
workout_schedule,3,routine,single,0.505
workout_goal,3,current_goal,single,0.523
work_tasks,3,works_as,single,0.515
wordpress_theme_details,3,other,unknown,0.188
wishlist,3,other,unknown,0.231
wingman_features,3,other,unknown,0.168
win_it_platform,3,other,unknown,0.172
wellness_plans,3,planned_event,event,0.395
wedding_plans,3,planned_event,event,0.392
wallet_recommendation,3,recommended,speech,0.298
volunteering_interests,3,practises_hobby,set,0.447
volunteer_plans,3,planned_event,event,0.361
volunteer_activity,3,practises_hobby,set,0.468
venue_details,3,attended,set,0.455
vehicles_owned,3,owns,set,0.691
vehicles,3,drives,single,0.561
vacation_history,3,event_occurred,event,0.566
upcoming_trip,3,planned_event,event,0.496
tv_shows_watched,3,watched,set,0.728
trello_feature,3,other,unknown,0.189
travel_expenses,3,financial_activity,set,0.414
travel_budget,3,financial_activity,set,0.369
travel_booking,3,visited,set,0.437
travel_accommodation,3,visited,set,0.526
transportation_method,3,other,unknown,0.308
topic_keywords,3,explained,speech,0.356
thesis_milestone,3,milestone,event,0.641
texas_business_incentives,3,other,unknown,0.210
technical_tasks,3,works_as,single,0.361
technical_issue,3,other,unknown,0.166
team_size,3,team_size,single,0.812
tea_preference,3,prefers,single,0.414
sustainable_organization_example,3,other,unknown,0.274
sustainability_habits,3,grows,set,0.403
streaming_service,3,listened_to,set,0.551
store_recommendation,3,recommended,speech,0.347
storage_recommendations,3,recommended,speech,0.241
sports_viewing,3,watched,set,0.452
sports_team_fan,3,other,unknown,0.344
sports_interests,3,practises_hobby,set,0.454
sports_events_watched,3,watched,set,0.459
sports_activities,3,practises_hobby,set,0.539
social_media_tools,3,uses_tool,single,0.478
social_media_stats,3,other,unknown,0.244
social_media_posts,3,other,unknown,0.269
social_media_habits,3,listened_to,set,0.355
social_media_goal,3,current_goal,single,0.508
social_media_follows,3,other,unknown,0.273
social_media_engagement,3,other,unknown,0.324
social_activities,3,practises_hobby,set,0.534
sneaker_cleaner_recommendations,3,recommended,speech,0.270
smartphone,3,other,unknown,0.293
smart_tv,3,watched,set,0.355
skincare_recommendation,3,recommended,speech,0.428
skincare_brands,3,other,unknown,0.271
sister_interests,3,other,unknown,0.293
shows_watching,3,watched,set,0.698
show_recommendation,3,recommended,speech,0.511
shopping_orders,3,ate_at,set,0.424
shopping_habits,3,routine,single,0.408
shopping_activity,3,practises_hobby,set,0.358
shelf_recommendation,3,recommended,speech,0.268
sewing_projects,3,other,unknown,0.250
scheduled_meeting,3,planned_event,event,0.548
schedule,3,routine,single,0.433
savoy_travel_recommendation,3,recommended,speech,0.317
savings_goal,3,current_goal,single,0.546
safe_brand,3,other,unknown,0.220
running_stats,3,other,unknown,0.246
running_personal_best,3,prefers,single,0.353
ride_recommendation,3,recommended,speech,0.305
rewards_program,3,other,unknown,0.224
rewards_points,3,other,unknown,0.222
reunion_activities,3,attended,set,0.451
residency_duration,3,lives_in,single,0.365
renovation_recommendation,3,recommended,speech,0.330
recurring_meetings,3,routine,single,0.379
recommended_varieties,3,other,unknown,0.313
recommended_products,3,recommended,speech,0.490
recipient_interests,3,acquired,set,0.396
recipes_tried,3,cooked,set,0.408
recipe_variation,3,cooked,set,0.464
recipe_preferences,3,cooked,set,0.459
recipe_interest,3,cooked,set,0.473
real_estate_investments,3,financial_activity,set,0.405
reading_nook_plans,3,planned_event,event,0.355
reading_history,3,event_occurred,event,0.518
purchase_intent,3,acquired,set,0.410
ptinsights_milestone,3,milestone,event,0.516
property_owned,3,owns,set,0.686
property_appraisal,3,owns,set,0.482
project_deadline,3,completed,set,0.401
profession,3,works_as,single,0.648
power_bank,3,other,unknown,0.146
pottery_class_recommendation,3,recommended,speech,0.254
planting_instructions,3,grows,set,0.434
planned_purchase,3,acquired,set,0.444
photography_recommendation,3,recommended,speech,0.380
photo_editing_software,3,other,unknown,0.259
phone_owned,3,owns,set,0.464
pet_expenses,3,owns_pet,single,0.586
personal_collection,3,owns,set,0.542
persona_profile,3,other,unknown,0.327
pc_component_recommendation,3,recommended,speech,0.302
past_trip,3,visited,set,0.560
passport_expiry,3,other,unknown,0.213
party_menu,3,other,unknown,0.268
parental_leave_policy,3,other,unknown,0.236
outfit_plans,3,planned_event,event,0.347
online_purchase,3,acquired,set,0.320
oahu_recommendation,3,recommended,speech,0.275
musicals_watched,3,watched,set,0.466
musical_interests,3,listened_to,set,0.412
music_taste,3,listened_to,set,0.457
music_preference,3,listened_to,set,0.475
music_collection,3,owns,set,0.413
museum_recommendation,3,recommended,speech,0.346
mouse_specs,3,other,unknown,0.186
monthly_income,3,other,unknown,0.334
model_building,3,other,unknown,0.225
mirror_recommendation,3,recommended,speech,0.360
merlion_statue_info,3,other,unknown,0.200
meditation_resources,3,other,unknown,0.231
medical_info,3,health_status,single,0.461
medical_device_info,3,other,unknown,0.317
medical_condition,3,health_status,single,0.582
media_info,3,listened_to,set,0.356
meal_recommendations,3,recommended,speech,0.438
meal_prep_schedule,3,routine,single,0.467
luxury_purchases,3,acquired,set,0.385
lubricant_preference,3,other,unknown,0.276
location_info,3,lives_in,single,0.432
legal_name,3,other,unknown,0.322
legal_case_details,3,other,unknown,0.294
laundry_schedule,3,routine,single,0.354
laptop_ram,3,other,unknown,0.136
laptop_bag,3,other,unknown,0.259
language_conservancy_projects,3,other,unknown,0.273
land_ownership,3,owns,set,0.578
knitting_projects,3,other,unknown,0.297
kitchen_items,3,other,unknown,0.343
kailua_kona_accommodation_recommendation,3,recommended,speech,0.327
job_search,3,works_at,single,0.468
job_application,3,works_at,single,0.458
jewelry_designers,3,other,unknown,0.262
jewelry_designer,3,other,unknown,0.263
interviewed_woman_age,3,other,unknown,0.262
instrumentsfinder_services,3,uses_tool,single,0.413
instrument_experience,3,other,unknown,0.260
instructor_name,3,other,unknown,0.291
instructor_info,3,other,unknown,0.272
instagram_hashtags,3,other,unknown,0.182
instagram_followers,3,other,unknown,0.273
insecurity,3,other,unknown,0.296
immigration_status,3,health_status,single,0.426
immigration_forms,3,other,unknown,0.173
hunting_plans,3,planned_event,event,0.352
housing_status,3,lives_in,single,0.495
hotel_stay,3,visited,set,0.444
hotel_budget,3,financial_activity,set,0.342
home_ownership,3,owns,set,0.523
home_decor_plans,3,planned_event,event,0.326
home_country,3,lives_in,single,0.474
hm_purchases,3,acquired,set,0.325
historical_figure,3,other,unknown,0.286
hikes_completed,3,completed,set,0.384
herb_fertilizer_recommendation,3,recommended,speech,0.380
health_history,3,event_occurred,event,0.442
gym_schedule,3,routine,single,0.439
gym_frequency,3,other,unknown,0.306
grocery_purchase,3,acquired,set,0.331
great_wall_history,3,event_occurred,event,0.254
gift_subscription_feature,3,other,unknown,0.299
gift_purchased,3,acquired,set,0.513
gift_purchase,3,acquired,set,0.487
gift_planning,3,other,unknown,0.320
gift_history,3,event_occurred,event,0.446
gift_cards,3,other,unknown,0.288
gardening_supplies,3,grows,set,0.573
gaming_hardware,3,other,unknown,0.224
game_recommendations,3,recommended,speech,0.350
game_recommendation,3,recommended,speech,0.345
game_building,3,other,unknown,0.313
french_podcasts,3,listened_to,set,0.394
food_storage_info,3,ate_at,set,0.368
food_recommendations,3,recommended,speech,0.445
flights_taken,3,visited,set,0.359
flight_itinerary,3,visited,set,0.400
flight_details,3,other,unknown,0.233
flang_grammar,3,other,unknown,0.177
fitness_plans,3,planned_event,event,0.419
fishing_gear,3,owns,set,0.337
fishing_catches,3,other,unknown,0.208
fishing_catch,3,other,unknown,0.212
financial_strategy,3,financial_activity,set,0.578
film_festival_attendance,3,attended,set,0.495
favorite_song,3,other,unknown,0.283
fashion_purchases,3,acquired,set,0.372
family_birthdays,3,milestone,event,0.488
eyeshadow_recommendations,3,recommended,speech,0.273
exercise_recommendation,3,recommended,speech,0.351
events_planned,3,planned_event,event,0.763
events_participating,3,planned_event,event,0.554
events,3,event_occurred,event,0.661
employment_tenure,3,works_at,single,0.472
emergency_fund_advice,3,recommended,speech,0.351
durres_mitigation_project,3,other,unknown,0.120
doll_collection,3,owns,set,0.332
disneyland_event,3,planned_event,event,0.458
dev_config_examples,3,other,unknown,0.246
decorator_recommendation,3,recommended,speech,0.452
dance_instructor,3,other,unknown,0.257
current_location,3,lives_in,single,0.371
credit_card_benefit,3,other,unknown,0.227
creative_writing,3,other,unknown,0.306
cooking_technique,3,cooked,set,0.617
cooking_instructions,3,cooked,set,0.599
cooking_activities,3,cooked,set,0.591
completed_races,3,completed,set,0.438
company_products,3,other,unknown,0.311
company_name,3,works_at,single,0.361
companion_plants,3,grows,set,0.527
commute_activity,3,other,unknown,0.347
collectible_info,3,owns,set,0.444
coin_collection,3,owns,set,0.357
coffee_tour_recommendation,3,recommended,speech,0.344
coffee_shop_recommendation,3,recommended,speech,0.319
coffee_ratio,3,other,unknown,0.204
coffee_consumption,3,other,unknown,0.301
coffee_additives,3,other,unknown,0.155
cocktail_experience,3,other,unknown,0.280
clothing_ownership,3,owns,set,0.682
closet_organization_plan,3,planned_event,event,0.276
civilization_v_game,3,other,unknown,0.224
cheryl_duties,3,other,unknown,0.232
character_info,3,other,unknown,0.289
cat_care_advice,3,recommended,speech,0.375
car_modifications,3,other,unknown,0.297
camping_recommendations,3,recommended,speech,0.216
camera_lens,3,other,unknown,0.202
camera_accessories,3,other,unknown,0.348
business_travel,3,visited,set,0.462
business_status,3,relationship_status,single,0.455
business_projects,3,other,unknown,0.330
business_plans,3,planned_event,event,0.431
business_plan,3,planned_event,event,0.385
business_activities,3,practises_hobby,set,0.493
brand_name,3,other,unknown,0.309
book_club,3,read,set,0.373
book_appraiser_directory,3,other,unknown,0.306
board_games_played,3,other,unknown,0.304
board_games,3,other,unknown,0.313
binaural_beats_url,3,other,unknown,0.107
bikes_owned,3,owns,set,0.472
bike,3,other,unknown,0.286
basketball_stats,3,other,unknown,0.298
baseball_collection,3,owns,set,0.312
backpack,3,other,unknown,0.271
ayrshire_wind_farm_investments,3,other,unknown,0.230
award_pricing,3,other,unknown,0.231
audiobook_platforms,3,other,unknown,0.305
athletic_achievements,3,milestone,event,0.353
astrology,3,milestone,event,0.404
assistant_task,3,explained,speech,0.533
assistant_recipe,3,recommended,speech,0.476
assistant_persona,3,explained,speech,0.439
assistant_identity,3,committed_to,speech,0.464
assistant_home_decor_advice,3,recommended,speech,0.433
assistant_explanation,3,explained,speech,0.710
assistant_code_snippet,3,explained,speech,0.414
artist_recommendation,3,recommended,speech,0.318
articles_read,3,read,set,0.746
art_recommendations,3,recommended,speech,0.420
art_projects,3,other,unknown,0.294
art_exhibitions_attended,3,attended,set,0.450
art_events_attended,3,attended,set,0.585
antique_collection,3,owns,set,0.427
airline_policy,3,other,unknown,0.264
accommodation_recommendations,3,recommended,speech,0.372
accommodation_plans,3,planned_event,event,0.355
academic_status,3,relationship_status,single,0.437
academic_history,3,event_occurred,event,0.497
youtube_subscriber_goal,2,current_goal,single,0.360
yoga_studio_recommendations,2,recommended,speech,0.318
yoga_studio,2,other,unknown,0.246
yoga_recommendations,2,recommended,speech,0.282
yoga_plans,2,planned_event,event,0.392
yoga_instructor,2,other,unknown,0.270
yoga_equipment,2,owns,set,0.305
yoga_attendance,2,attended,set,0.376
yerevan_preservation,2,other,unknown,0.267
writing_schedule,2,routine,single,0.373
writing_routine,2,routine,single,0.503
workshops,2,attended,set,0.393
workshop_instructor,2,attended,set,0.359
workout_frequency,2,routine,single,0.415
work_location,2,works_at,single,0.529
wine_pairings,2,other,unknown,0.199
wine_pairing_recommendation,2,recommended,speech,0.218
whatsapp_usage,2,other,unknown,0.313
weight_loss,2,other,unknown,0.271
weekly_activities,2,practises_hobby,set,0.505
weekday_wake_time,2,routine,single,0.541
wedding_favors,2,other,unknown,0.215
website,2,other,unknown,0.190
water_bottle_purchase,2,acquired,set,0.175
watched_videos,2,watched,set,0.648
watched_shows,2,watched,set,0.762
watched_musicals,2,watched,set,0.496
watch_owned,2,owns,set,0.517
watch_model,2,watched,set,0.460
watch_collection,2,owns,set,0.516
vtm_character_attributes,2,other,unknown,0.153
volunteering_opportunities,2,practises_hobby,set,0.353
volunteering_interest,2,practises_hobby,set,0.393
volunteer_interests,2,practises_hobby,set,0.409
volleyball_team_name,2,other,unknown,0.306
volleyball_league,2,other,unknown,0.276
vintage_cameras_count,2,other,unknown,0.236
video_workflow,2,other,unknown,0.303
vehicle_owned,2,owns,set,0.743
vehicle_maintenance,2,drives,single,0.364
vehicle,2,drives,single,0.612
vase_details,2,other,unknown,0.288
val_relationships,2,relationship_status,single,0.445
vacation_trip,2,visited,set,0.570
vacation,2,visited,set,0.479
user_uploads,2,other,unknown,0.270
user_projects,2,other,unknown,0.339
user_profile,2,other,unknown,0.328
user_possessions,2,owns,set,0.717
user_opinion,2,other,unknown,0.230
user_age,2,other,unknown,0.188
ukulele_resource_recommendations,2,recommended,speech,0.286
ukulele_brands,2,other,unknown,0.205
ukulele_app_recommendations,2,recommended,speech,0.308
uk_trade_negotiations,2,other,unknown,0.177
twitter_handle,2,other,unknown,0.208
twitch_stream,2,listened_to,set,0.366
tweet_character_limit,2,other,unknown,0.201
trips_taken,2,visited,set,0.519
trip_documentation_plan,2,planned_event,event,0.330
trip_budget,2,financial_activity,set,0.357
travel_tool,2,uses_tool,single,0.463
travel_tips,2,visited,set,0.465
travel_routes,2,visited,set,0.528
travel_goals,2,current_goal,single,0.538
travel_experience,2,visited,set,0.573
travel_destinations,2,visited,set,0.559
travel_destination,2,visited,set,0.583
travel,2,visited,set,0.584
transportation_recommendations,2,recommended,speech,0.380
training_recommendations,2,recommended,speech,0.499
training_plan,2,planned_event,event,0.332
trail_details,2,other,unknown,0.287
track_requirements,2,other,unknown,0.301
toothbrush,2,other,unknown,0.249
toaster_oven_recipes,2,cooked,set,0.416
tire_specs,2,other,unknown,0.133
theater_viewing_history,2,event_occurred,event,0.526
theater_rehearsals,2,other,unknown,0.285
theater_involvement,2,other,unknown,0.296
tennis_technique,2,other,unknown,0.230
tennis_racket,2,other,unknown,0.232
tennis_gear,2,owns,set,0.354
tech_maintenance,2,other,unknown,0.279
teams_policy_settings,2,team_size,single,0.471
tea_preferences,2,prefers,single,0.390
tarot_card_keywords,2,other,unknown,0.132
sustainability_practices,2,other,unknown,0.307
sustainability_goals,2,current_goal,single,0.502
supernatural_ability,2,other,unknown,0.222
subscription,2,used_service,set,0.497
study_schedule,2,routine,single,0.532
study_group,2,studies,single,0.597
student_loan_debt,2,other,unknown,0.234
street_art_location,2,other,unknown,0.277
streaming_subscriptions,2,listened_to,set,0.591
streaming_subscription,2,listened_to,set,0.570
streaming_duration,2,other,unknown,0.332
store_policy,2,other,unknown,0.300
stargazing_recommendations,2,recommended,speech,0.294
sprint_task,2,other,unknown,0.289
sports_team_preference,2,team_size,single,0.433
sports_memorabilia,2,owns,set,0.420
sports_equipment,2,owns,set,0.382
spices_used,2,other,unknown,0.283
spanish_learning_resources,2,other,unknown,0.254
spanish_cooking_resources,2,cooked,set,0.459
songwriting_goals,2,current_goal,single,0.410
software_stack,2,uses_tool,single,0.367
software_integrations,2,uses_tool,single,0.460
social_outings,2,knows_person,set,0.368
social_media_content_ideas,2,other,unknown,0.314
social_media_content,2,other,unknown,0.329
social_media_analytics,2,other,unknown,0.243
social_media,2,listened_to,set,0.364
social_interactions,2,other,unknown,0.347
social_interaction,2,other,unknown,0.329
social_groups,2,knows_person,set,0.352
social_event_details,2,event_occurred,event,0.538
social_event,2,event_occurred,event,0.526
social_enterprise_financing,2,other,unknown,0.314
social_encounters,2,knows_person,set,0.358
social_concerns,2,other,unknown,0.304
social_circle,2,knows_person,set,0.367
soccer_talent_recommendations,2,recommended,speech,0.331
soap_ingredients,2,other,unknown,0.166
snack_recommendations,2,recommended,speech,0.349
snack_preferences,2,prefers,single,0.442
snack_plans,2,planned_event,event,0.398
snack_choice,2,ate_at,set,0.396
smart_home_devices,2,other,unknown,0.259
sleep_aids,2,other,unknown,0.274
skincare_tools,2,uses_tool,single,0.395
skills_acquired,2,acquired,set,0.376
sister_relationship_status,2,relationship_status,single,0.668
sister_birthday,2,milestone,event,0.411
shoprite_loyalty_points,2,other,unknown,0.236
shopping_wishlist,2,other,unknown,0.260
shopping_location,2,other,unknown,0.329
shopping_history,2,event_occurred,event,0.397
shopping_goals,2,current_goal,single,0.530
shopping_frequency,2,other,unknown,0.276
shopping_apps,2,used_service,set,0.399
shoe_search,2,other,unknown,0.170
shakshuka_storage,2,other,unknown,0.172
service_usage,2,used_service,set,0.677
seismic_policy,2,other,unknown,0.170
search_strategies_explanation,2,other,unknown,0.311
sculpting_project,2,other,unknown,0.233
sculpting_materials,2,other,unknown,0.182
sculpting_classes,2,other,unknown,0.222
school_name,2,other,unknown,0.276
sake_recommendation,2,recommended,speech,0.343
running_volume,2,other,unknown,0.214
running_shoe_recommendations,2,recommended,speech,0.193
running_plans,2,planned_event,event,0.425
running_history,2,event_occurred,event,0.369
running_gear_recommendations,2,recommended,speech,0.269
running_events,2,planned_event,event,0.507
running_achievements,2,completed,set,0.369
rpg_character_stats,2,other,unknown,0.294
rpg_character,2,other,unknown,0.225
routine,2,routine,single,0.725
roleplay,2,other,unknown,0.325
road_trip_plan,2,planned_event,event,0.364
road_trip_destinations,2,visited,set,0.484
rewards_programs,2,other,unknown,0.247
retailer_discount,2,other,unknown,0.234
restoration_projects,2,other,unknown,0.290
restaurants_visited,2,visited,set,0.554
restaurant_visits,2,ate_at,set,0.502
resource_recommendation,2,recommended,speech,0.503
research_project,2,other,unknown,0.310
research_focus,2,studies,single,0.431
research_data,2,studies,single,0.361
requested_content,2,other,unknown,0.228
renovation_plans,2,planned_event,event,0.238
renovation_budget,2,financial_activity,set,0.268
reinhardt_ability_stats,2,other,unknown,0.161
recipes_made,2,cooked,set,0.609
recipe_suggestions,2,cooked,set,0.493
recipe_search,2,cooked,set,0.466
recent_meals,2,ate_at,set,0.421
real_estate_purchase,2,acquired,set,0.405
real_estate_goal,2,current_goal,single,0.492
real_estate_agent,2,other,unknown,0.331
reading_recommendations,2,recommended,speech,0.651
racing_events,2,other,unknown,0.349
race_participation,2,other,unknown,0.314
quinoa_prep_advice,2,recommended,speech,0.293
purchases_planned,2,acquired,set,0.389
purchase_plan,2,planned_event,event,0.320
ptinsights_campaign_components,2,other,unknown,0.237
proposal_plans,2,planned_event,event,0.421
property_safety_issue,2,other,unknown,0.332
property_projects,2,owns,set,0.372
property_plans,2,planned_event,event,0.347
property_advice,2,recommended,speech,0.475
project_status,2,completed,set,0.500
project_resources,2,other,unknown,0.274
project_plan,2,planned_event,event,0.446
project_name,2,completed,set,0.366
project_goals,2,current_goal,single,0.644
project_goal,2,current_goal,single,0.614
project_development,2,completed,set,0.368
project_bid_deadline,2,other,unknown,0.306
professional_background,2,works_as,single,0.424
products_sold,2,other,unknown,0.308
productivity_method,2,other,unknown,0.332
product_warranty,2,other,unknown,0.226
price_matching,2,other,unknown,0.164
potato_recommendations,2,recommended,speech,0.291
postcard_collection,2,owns,set,0.227
portable_power_bank,2,other,unknown,0.114
population_ewell,2,other,unknown,0.198
police_reports_filed,2,other,unknown,0.198
podcasts,2,listened_to,set,0.594
podcast_recommendation,2,recommended,speech,0.529
playlist_content,2,listened_to,set,0.377
play_recommendations,2,recommended,speech,0.360
planting_recommendations,2,recommended,speech,0.521
planned_visit,2,planned_event,event,0.566
planned_meetings,2,planned_event,event,0.553
planned_meals,2,ate_at,set,0.498
planned_event,2,planned_event,event,0.798
planned_dishes,2,cooked,set,0.472
pig_farming,2,other,unknown,0.301
piano_lessons,2,other,unknown,0.249
photography_workshop,2,attended,set,0.353
photography_project,2,other,unknown,0.239
photography_gear,2,owns,set,0.397
photography_activity,2,practises_hobby,set,0.433
photo_organization_method,2,other,unknown,0.112
phone_model,2,other,unknown,0.296
pfizer_drug_status,2,health_status,single,0.425
pet_schedule,2,routine,single,0.494
pet_health_history,2,event_occurred,event,0.489
pet_care_routine,2,routine,single,0.503
pet,2,owns_pet,single,0.636
peripheral_paradise_features,2,other,unknown,0.216
pending_tasks,2,completed,set,0.464
peak_productivity_time,2,other,unknown,0.237
pasta_recommendation,2,recommended,speech,0.368
past_projects,2,other,unknown,0.339
past_gifts,2,event_occurred,event,0.351
password_manager,2,other,unknown,0.232
passport_status,2,relationship_status,single,0.396
party_purchases,2,acquired,set,0.321
park_amenities,2,other,unknown,0.241
pantry_stock,2,other,unknown,0.324
paintings_completed,2,completed,set,0.452
painting_techniques,2,other,unknown,0.142
painting_classes,2,other,unknown,0.195
packing_habit,2,routine,single,0.289
owned_vehicles,2,drives,single,0.723
owned_devices,2,owns,set,0.526
organizations_founded,2,other,unknown,0.325
organization_naming,2,works_at,single,0.398
organization_info,2,works_at,single,0.449
okinawa_transport_resources,2,other,unknown,0.164
oil_recommendation,2,recommended,speech,0.370
offploy_suggestions,2,other,unknown,0.171
nyc_breakfast_recommendations,2,recommended,speech,0.341
nutrition_recommendation,2,recommended,speech,0.433
novel_protagonist,2,other,unknown,0.320
no_code_platform,2,other,unknown,0.292
niece_interests,2,other,unknown,0.262
nfl_strategy,2,other,unknown,0.263
new_orleans_food_recommendation,2,recommended,speech,0.297
nether_paradise_outer_zone_cycles,2,other,unknown,0.105
netflix_usage,2,used_service,set,0.429
nautical_numbers,2,other,unknown,0.112
nats_events,2,event_occurred,event,0.395
musical_instrument,2,other,unknown,0.240
musical_goals,2,current_goal,single,0.444
music_production_gear,2,owns,set,0.340
music_listening_history,2,event_occurred,event,0.626
music_lessons,2,listened_to,set,0.434
museum_membership,2,attended,set,0.378
museum_exhibits,2,attended,set,0.384
movie_recommendations,2,recommended,speech,0.469
movie_preference,2,watched,set,0.539
motorcycle_status,2,health_status,single,0.375
motorcycle,2,drives,single,0.351
mortgage_status,2,relationship_status,single,0.404
mortgage_preapproval,2,other,unknown,0.258
morning_routine_departure,2,routine,single,0.590
monthly_gift_spending,2,financial_activity,set,0.369
moffat_events,2,event_occurred,event,0.414
moffat_attractions,2,other,unknown,0.308
model_kits_built,2,other,unknown,0.194
model_kit_project,2,other,unknown,0.212
ml_methodology,2,other,unknown,0.161
milk_preference,2,prefers,single,0.400
mental_health_status,2,health_status,single,0.579
memory_aid_method,2,other,unknown,0.217
membership,2,other,unknown,0.278
meeting_plans,2,planned_event,event,0.535
meditation_routine,2,routine,single,0.417
meditation_practice,2,other,unknown,0.303
meditation_apps,2,other,unknown,0.213
medical_appointment,2,attended,set,0.370
media_subscriptions,2,listened_to,set,0.567
media_preferences,2,prefers,single,0.437
media_metadata,2,other,unknown,0.297
meals_eaten,2,ate_at,set,0.556
meals_cooked,2,cooked,set,0.778
meal_prep_routine,2,routine,single,0.426
meal_prep_plans,2,planned_event,event,0.449
meal_prep,2,cooked,set,0.516
meal_plans,2,planned_event,event,0.477
mbbs_admission_requirements,2,other,unknown,0.164
mba_tuition,2,other,unknown,0.223
maxwells_menu,2,other,unknown,0.192
marketing_plans,2,planned_event,event,0.420
marketing_channels,2,listened_to,set,0.396
marketing_campaigns,2,other,unknown,0.298
magazine_subscription,2,read,set,0.385
living_situation,2,lives_in,single,0.556
living_room_style,2,lives_in,single,0.411
living_room_lighting,2,other,unknown,0.307
living_room_layout,2,lives_in,single,0.396
livestock_care,2,other,unknown,0.262
light_therapy_recommendations,2,recommended,speech,0.259
lifestyle_goals,2,current_goal,single,0.556
life_events,2,event_occurred,event,0.565
lessons,2,other,unknown,0.323
legal_status,2,relationship_status,single,0.440
legal_case_interest,2,other,unknown,0.295
leather_care_recommendations,2,recommended,speech,0.271
last_name,2,other,unknown,0.247
laptop_upgrade_plan,2,planned_event,event,0.192
laptop_status,2,health_status,single,0.419
laptop_sleeve_recommendations,2,recommended,speech,0.232
laptop_recommendations,2,recommended,speech,0.351
laptop_purchase_plan,2,planned_event,event,0.203
laptop_hardware,2,other,unknown,0.185
laptop_backpack,2,other,unknown,0.201
languages_spoken,2,other,unknown,0.193
language_learning_tools,2,other,unknown,0.310
labeling_requirement,2,other,unknown,0.198
kyoto_accommodations,2,other,unknown,0.252
known_people,2,knows_person,set,0.517
knitting_details,2,other,unknown,0.225
kitchen_utensils,2,other,unknown,0.310
kitchen_utensil_brands,2,other,unknown,0.244
kitchen_faucet,2,other,unknown,0.175
kitchen_equipment,2,owns,set,0.317
kitchen_appliance_purchase,2,acquired,set,0.231
keyboard,2,other,unknown,0.218
kedah_events,2,event_occurred,event,0.430
jogging_leggings,2,other,unknown,0.242
job_search_resources,2,works_as,single,0.363
job_role,2,works_as,single,0.689
istanbul_gender_equality_orgs,2,other,unknown,0.222
invasive_species,2,other,unknown,0.212
interest,2,financial_activity,set,0.428
insurance_recommendation,2,recommended,speech,0.369
instrument_practice,2,other,unknown,0.336
instrument_interests,2,other,unknown,0.272
instagram_content,2,other,unknown,0.193
income,2,financial_activity,set,0.445
immigration_goals,2,current_goal,single,0.569
ibadan_industries,2,other,unknown,0.223
housing,2,lives_in,single,0.552
houseplant_propagation,2,grows,set,0.411
houseplant_maintenance,2,grows,set,0.433
household_size,2,team_size,single,0.380
hotel_stays,2,visited,set,0.490
hotel_location,2,visited,set,0.390
hotel_category,2,other,unknown,0.323
hotel_booking,2,other,unknown,0.300
home_state,2,lives_in,single,0.454
home_search,2,lives_in,single,0.388
home_repair,2,other,unknown,0.296
home_office_decor_plan,2,planned_event,event,0.275
home_lighting,2,other,unknown,0.273
home_appliances,2,other,unknown,0.347
hoa_board_members,2,other,unknown,0.265
hiking_activities,2,practises_hobby,set,0.392
hhn_companions,2,other,unknown,0.218
herbal_tea_recommendation,2,recommended,speech,0.246
herb_garden,2,grows,set,0.517
health_recommendation,2,recommended,speech,0.434
health_monitoring,2,health_status,single,0.467
health_insurance,2,health_status,single,0.400
health_goals,2,current_goal,single,0.529
harmony_hearts_songs,2,other,unknown,0.320
handbag,2,other,unknown,0.345
hair_care,2,other,unknown,0.237
guitar_maintenance,2,other,unknown,0.240
guitar_learning_resources,2,other,unknown,0.177
guitar_accessories,2,other,unknown,0.331
graphics_card,2,other,unknown,0.115
gifts_planned,2,planned_event,event,0.356
gift_wrapping_style,2,other,unknown,0.170
gift_search,2,other,unknown,0.334
gift_recommendations,2,recommended,speech,0.371
gift_plan,2,planned_event,event,0.307
gift_choice,2,acquired,set,0.381
gardening_tools,2,grows,set,0.483
gardening_infrastructure,2,grows,set,0.529
garden_projects,2,grows,set,0.550
garden_crops,2,grows,set,0.547
garden_additions,2,grows,set,0.504
gaming_goals,2,current_goal,single,0.567
gaming_goal,2,current_goal,single,0.535
gaming_activity,2,practises_hobby,set,0.454
game_score,2,other,unknown,0.160
game_playtime,2,other,unknown,0.251
fundraising_requirement,2,other,unknown,0.295
fundraising_events,2,attended,set,0.420
friends,2,knows_person,set,0.415
friend_interests,2,knows_person,set,0.477
frequented_stores,2,other,unknown,0.321
french_learning_resources,2,other,unknown,0.279
food_storage,2,cooked,set,0.383
food_preferences,2,prefers,single,0.520
food_preference,2,prefers,single,0.562
food_order_plan,2,planned_event,event,0.514
food_order,2,ate_at,set,0.591
food_delivery_usage,2,ate_at,set,0.369
food_consumption,2,dietary_rule,single,0.469
flight_history,2,event_occurred,event,0.399
flight_experience,2,other,unknown,0.308
fitness_tracker_interest,2,other,unknown,0.326
fitness_performance,2,other,unknown,0.338
fitness_class,2,other,unknown,0.343
fitness_achievement,2,other,unknown,0.336
fishing_trips,2,other,unknown,0.312
fishing_plans,2,planned_event,event,0.269
financial_status,2,financial_activity,set,0.564
finance_recommendation,2,recommended,speech,0.500
film_event_attendance,2,attended,set,0.570
film_development_recommendation,2,recommended,speech,0.397
festival_recommendation,2,recommended,speech,0.411
favorite_authors,2,other,unknown,0.299
farm_improvement_plans,2,planned_event,event,0.272
farm_equipment,2,owns,set,0.357
family_status,2,relationship_status,single,0.704
family_reunion,2,other,unknown,0.311
family_origin,2,other,unknown,0.318
family_heritage,2,relationship_status,single,0.397
family_background,2,relationship_status,single,0.405
external_hard_drive,2,other,unknown,0.256
expense_tracking_method,2,financial_activity,set,0.401
exoskeleton_mobility,2,other,unknown,0.181
exhibitions_visited,2,visited,set,0.579
exhibitions_attended,2,attended,set,0.592
exhibitions,2,attended,set,0.385
exercise_schedule,2,routine,single,0.533
exercise_plan,2,planned_event,event,0.445
events_participated,2,attended,set,0.595
event_interest,2,event_occurred,event,0.527
event_details,2,event_occurred,event,0.617
ev_market_policy,2,other,unknown,0.241
essential_oils,2,other,unknown,0.232
engineering_projects,2,other,unknown,0.317
email_correspondence,2,other,unknown,0.310
elsie_internship,2,other,unknown,0.251
element_name_suggestion,2,recommended,speech,0.190
electronics,2,other,unknown,0.256
egg_stock,2,other,unknown,0.253
education_history,2,event_occurred,event,0.395
education_activities,2,studies,single,0.442
editorial_focus,2,other,unknown,0.340
economic_impact_data,2,financial_activity,set,0.376
eco_friendly_products,2,other,unknown,0.263
donated_items,2,owns,set,0.425
discount_offer,2,other,unknown,0.162
dining_history,2,event_occurred,event,0.483
dietary_restriction,2,dietary_rule,single,0.698
dietary_recommendation,2,recommended,speech,0.492
dietary_preferences,2,dietary_rule,single,0.548
dietary_plans,2,planned_event,event,0.494
dietary_goal,2,current_goal,single,0.500
diet_log,2,dietary_rule,single,0.375
diet_advice,2,recommended,speech,0.458
definition,2,other,unknown,0.237
decor_style,2,other,unknown,0.216
decluttering_method,2,other,unknown,0.159
day_sculpting_program,2,other,unknown,0.254
dance_plans,2,planned_event,event,0.323
dance_interests,2,practises_hobby,set,0.362
daily_habit,2,routine,single,0.658
daily_activities,2,practises_hobby,set,0.594
cyprus_governance_systems,2,other,unknown,0.162
cycling_gear,2,owns,set,0.375
cycling_events,2,planned_event,event,0.364
custom_games,2,other,unknown,0.319
currently_reading,2,read,set,0.621
current_writing_project,2,other,unknown,0.340
current_activity,2,current_goal,single,0.355
credit_card_info,2,other,unknown,0.238
craft_projects,2,practises_hobby,set,0.366
craft_project,2,other,unknown,0.309
coworker_baby,2,other,unknown,0.318
courses_completed,2,completed,set,0.656
coupon_management,2,other,unknown,0.242
coupon_inventory,2,other,unknown,0.223
couch,2,other,unknown,0.274
corporate_divestments,2,other,unknown,0.270
corporate_acquisitions,2,acquired,set,0.479
cooking_frequency,2,cooked,set,0.443
cooking_experiment,2,cooked,set,0.510
cooking_experience,2,cooked,set,0.587
content_plans,2,planned_event,event,0.420
contacts,2,other,unknown,0.304
consignment_recommendation,2,recommended,speech,0.402
conference_location,2,attended,set,0.451
concert_tickets,2,attended,set,0.358
concert_companions,2,other,unknown,0.349
compost_maintenance,2,other,unknown,0.217
commute_train_time,2,other,unknown,0.224
commute_route,2,visited,set,0.362
commute_plans,2,planned_event,event,0.260
commute_distance,2,other,unknown,0.276
coffee_shop,2,other,unknown,0.337
coffee_recipe,2,other,unknown,0.288
coffee_maker,2,other,unknown,0.233
coffee_beans,2,other,unknown,0.275
coding_resources,2,other,unknown,0.215
coding_projects,2,other,unknown,0.274
coding_daily_duration,2,routine,single,0.363
codestates_model,2,changed_state,event,0.424
cocktail_tasting,2,other,unknown,0.263
cloud_storage,2,other,unknown,0.295
clothing_brands,2,owns,set,0.387
closet_recommendation,2,recommended,speech,0.276
client_software_stack,2,uses_tool,single,0.369
client_interactions,2,other,unknown,0.330
cleaning_tool_usage,2,uses_tool,single,0.534
cleaning_supplies,2,other,unknown,0.293
cleaning_habit,2,routine,single,0.444
cleaning_advice,2,recommended,speech,0.285
classes_enrolled,2,studies,single,0.373
classes_attended,2,attended,set,0.616
church_attendance,2,attended,set,0.428
christina_hyde_education,2,other,unknown,0.268
chicken_feed_purchase,2,acquired,set,0.327
chicken_care,2,other,unknown,0.245
chicago_travel_tips,2,other,unknown,0.266
charity_team,2,other,unknown,0.331
charity_activity,2,practises_hobby,set,0.355
caregiving,2,other,unknown,0.235
card_game_rules,2,other,unknown,0.271
car_maintenance_advice,2,recommended,speech,0.245
car_interest,2,financial_activity,set,0.430
car_insurance,2,drives,single,0.408
camping_trips,2,visited,set,0.355
camping_plan,2,planned_event,event,0.234
camera_owned,2,owns,set,0.507
camera_gear_recommendations,2,recommended,speech,0.305
caffeine_info,2,other,unknown,0.224
business_tasks,2,works_at,single,0.374
business_strategy,2,current_goal,single,0.370
business_recommendation,2,recommended,speech,0.446
business_owned,2,owns,set,0.562
business_inventory,2,owns,set,0.351
business_entity,2,other,unknown,0.350
budgeting_app,2,financial_activity,set,0.511
brand_recommendations,2,recommended,speech,0.360
brand_recommendation,2,recommended,speech,0.342
boxing_match_result,2,other,unknown,0.170
books_reading_status,2,read,set,0.691
books_published,2,read,set,0.559
books_listening_status,2,read,set,0.521
booking_platform,2,other,unknown,0.287
booked_accommodation,2,visited,set,0.350
book_summary,2,read,set,0.424
book_events,2,event_occurred,event,0.506
book_collection,2,owns,set,0.462
book_club_reading,2,read,set,0.605
board_games_to_play,2,other,unknown,0.286
blog_target_audience,2,other,unknown,0.264
blog_project,2,other,unknown,0.238
bjj_training_program,2,other,unknown,0.184
birding_life_list,2,other,unknown,0.249
birding_equipment,2,owns,set,0.255
bird_species_count,2,other,unknown,0.217
bike_share_fees,2,other,unknown,0.175
bike_purchase,2,acquired,set,0.279
bike_expenses,2,financial_activity,set,0.402
bible_verse_analysis,2,other,unknown,0.113
beyonce_projects,2,other,unknown,0.268
beer_recommendation,2,recommended,speech,0.316
bedside_lamp_bulb,2,other,unknown,0.152
bedroom_layout,2,other,unknown,0.256
bedroom_decor,2,other,unknown,0.310
bbq_menu,2,ate_at,set,0.366
bathroom_trash_can,2,other,unknown,0.237
bathroom_towels,2,other,unknown,0.193
bathroom_storage_recommendations,2,recommended,speech,0.214
bank_account,2,other,unknown,0.287
baking_recommendation,2,recommended,speech,0.394
baking_project,2,cooked,set,0.441
baking_activity,2,cooked,set,0.402
bakery_recommendation,2,recommended,speech,0.308
baked_goods,2,cooked,set,0.490
backyard_wildlife,2,other,unknown,0.338
backyard_plans,2,planned_event,event,0.366
automl_research,2,other,unknown,0.292
australian_army_deployments,2,other,unknown,0.125
audiobooks_recommended,2,listened_to,set,0.381
audiobooks_listened,2,listened_to,set,0.510
audiobook_recommendations,2,recommended,speech,0.402
audiobook_narrator,2,other,unknown,0.283
attended_events,2,attended,set,0.801
asylum_status,2,health_status,single,0.445
assistant_written_text,2,explained,speech,0.499
assistant_video_description,2,explained,speech,0.514
assistant_resource,2,explained,speech,0.578
assistant_guide,2,recommended,speech,0.661
assistant_generated_template,2,other,unknown,0.332
assistant_belief,2,explained,speech,0.454
assistant_addiction_treatment_advice,2,recommended,speech,0.330
artist_interest,2,other,unknown,0.327
article_outlines,2,read,set,0.392
art_supply_recommendation,2,recommended,speech,0.331
art_supplies,2,other,unknown,0.312
art_studio,2,other,unknown,0.220
art_sold,2,other,unknown,0.284
art_project_materials,2,other,unknown,0.232
art_materials,2,other,unknown,0.221
art_exhibition_plans,2,planned_event,event,0.360
art_events,2,event_occurred,event,0.490
aquariums,2,other,unknown,0.323
apps_planned,2,planned_event,event,0.362
applicant_habits,2,routine,single,0.366
app_project,2,other,unknown,0.298
app_feature,2,other,unknown,0.309
app_analysis,2,other,unknown,0.275
anniversary_date,2,milestone,event,0.541
alcohol_inventory,2,other,unknown,0.271
aircraft_specs,2,other,unknown,0.149
air_travel_history,2,event_occurred,event,0.390
ai_challenges,2,other,unknown,0.263
adventure_activities,2,practises_hobby,set,0.547
activity_participation,2,practises_hobby,set,0.517
activities,2,practises_hobby,set,0.582
action_figures,2,other,unknown,0.290
academic_projects,2,studies,single,0.474
academic_milestone,2,milestone,event,0.724
academic_goals,2,current_goal,single,0.574
academic_achievements,2,milestone,event,0.432
zumba_instructor,1,other,unknown,0.222
zucchini_noodle_recommendation,1,recommended,speech,0.214
zombie_types,1,other,unknown,0.142
zombie_name,1,other,unknown,0.157
youtube_watch_hours_goal,1,current_goal,single,0.308
youtube_viewership,1,watched,set,0.423
youtube_video,1,other,unknown,0.326
youtube_monetization_goal,1,current_goal,single,0.305
youtube_channel,1,watched,set,0.371
yoga_youtube_recommendations,1,recommended,speech,0.307
yoga_wheel_recommendation,1,recommended,speech,0.217
yoga_style,1,other,unknown,0.302
yoga_studio_search_recommendation,1,recommended,speech,0.310
yoga_studio_preferences,1,other,unknown,0.227
yoga_strap_recommendation,1,recommended,speech,0.200
yoga_status,1,health_status,single,0.461
yoga_skills,1,routine,single,0.356
yoga_session_invitees,1,other,unknown,0.324
yoga_routine_recommendation,1,recommended,speech,0.376
yoga_resources,1,other,unknown,0.286
yoga_preference,1,other,unknown,0.332
yoga_poses,1,other,unknown,0.254
yoga_platform_recommendations,1,recommended,speech,0.248
yoga_mat_recommendation,1,recommended,speech,0.239
yoga_mat_bag_recommendation,1,recommended,speech,0.184
yoga_mat,1,other,unknown,0.209
yoga_history,1,event_occurred,event,0.292
yoga_goals,1,current_goal,single,0.387
yoga_gear_recommendations,1,recommended,speech,0.267
yoga_experience,1,other,unknown,0.313
yoga_equipment_plan,1,planned_event,event,0.315
yoga_classes_count,1,other,unknown,0.273
yoga_class_schedule,1,routine,single,0.436
yoga_class_recommendation,1,recommended,speech,0.313
yoga_channel_recommendations,1,recommended,speech,0.359
yoga_channel_recommendation,1,recommended,speech,0.368
yoga_channel_choice,1,other,unknown,0.319
yoga_bolster_recommendation,1,recommended,speech,0.306
yoga_block_recommendation,1,recommended,speech,0.275
yoga_bags,1,other,unknown,0.164
yoga_bag_features,1,other,unknown,0.187
yoga_apps,1,other,unknown,0.234
yoga_app_recommendation,1,recommended,speech,0.337
yoga_app,1,other,unknown,0.245
yerba_mate_sources,1,other,unknown,0.130
yarn_supplier,1,other,unknown,0.230
yarn_product,1,other,unknown,0.222
yamaha_yas_209_limitations,1,other,unknown,0.135
yamaha_yas_209_features,1,other,unknown,0.142
written_works,1,read,set,0.390
written_pieces,1,other,unknown,0.332
writing_time,1,other,unknown,0.313
writing_speed,1,other,unknown,0.287
writing_project_target,1,current_goal,single,0.468
writing_project_details,1,completed,set,0.355
writing_interests,1,other,unknown,0.348
writing_instruction_resource,1,other,unknown,0.332
writing_habit,1,routine,single,0.420
writing_goal,1,current_goal,single,0.654
writing_challenges,1,other,unknown,0.225
writing_challenge_progress,1,completed,set,0.358
writing_challenge,1,other,unknown,0.237
writing_buddy,1,other,unknown,0.301
writing_activity,1,practises_hobby,set,0.405
writing_activities,1,practises_hobby,set,0.445
workshops_planned,1,attended,set,0.403
workshop_plan,1,planned_event,event,0.365
workshop_attended,1,attended,set,0.606
workshop,1,attended,set,0.394
workplace_hiring,1,works_at,single,0.526
workout_top_recommendations,1,recommended,speech,0.280
workout_streak,1,routine,single,0.383
workout_progress,1,routine,single,0.360
workout_preference,1,routine,single,0.401
workout_podcast_recommendations,1,recommended,speech,0.401
workout_playlist_recommendation,1,recommended,speech,0.322
workout_plan,1,planned_event,event,0.439
workout_legging_recommendations,1,recommended,speech,0.250
workout_headphone_recommendations,1,recommended,speech,0.271
workout_attendance,1,attended,set,0.386
working_directory,1,other,unknown,0.323
workforce_development_partners,1,works_at,single,0.389
workflow_steps,1,other,unknown,0.252
workflow_diagram_topics,1,other,unknown,0.281
work_tools,1,uses_tool,single,0.628
work_stress_factors,1,other,unknown,0.322
work_status,1,health_status,single,0.468
work_project_structure,1,works_at,single,0.437
work_project_goals,1,current_goal,single,0.615
work_habits,1,routine,single,0.585
work_footwear,1,works_at,single,0.371
work_focus,1,works_as,single,0.392
work_evaluation,1,works_at,single,0.426
work_desk_snacks,1,other,unknown,0.260
work_departure_time,1,other,unknown,0.317
work_department_average_age,1,other,unknown,0.296
work_deadlines,1,other,unknown,0.253
work_conversations,1,works_as,single,0.387
work_authorization,1,works_at,single,0.473
work_arrival_time,1,works_at,single,0.364
work_advice,1,recommended,speech,0.372
womens_clothing_subscription_recommendation,1,recommended,speech,0.274
wishlist_games,1,other,unknown,0.232
wingman_use_case,1,other,unknown,0.177
wingman_usability,1,other,unknown,0.277
winery_visits,1,other,unknown,0.338
wine_purchased,1,acquired,set,0.384
wine_preparation,1,other,unknown,0.217
wine_possession,1,owns,set,0.536
wine_pairing_suggestions,1,other,unknown,0.179
wine_inventory,1,other,unknown,0.297
window_shades_search,1,other,unknown,0.152
willow_technique_name,1,other,unknown,0.180
willow_technique_hypotheses,1,other,unknown,0.166
willow_technique_components,1,other,unknown,0.180
willow_mothers,1,other,unknown,0.157
wildlife_refuge_features,1,other,unknown,0.210
wildlife_refuge_distance,1,other,unknown,0.161
wildlife_care,1,other,unknown,0.339
wifi_router,1,other,unknown,0.133
whole_grain_bread_recommendations,1,recommended,speech,0.247
whatsapp_usage_history,1,event_occurred,event,0.275
whatsapp_purpose,1,other,unknown,0.241
whatsapp_groups_managed,1,other,unknown,0.245
whatsapp_groups,1,other,unknown,0.204
wellness_routine,1,routine,single,0.540
wellness_practices,1,health_status,single,0.408
wellness_goals,1,current_goal,single,0.481
wellbeing,1,other,unknown,0.350
weight_loss_goal,1,current_goal,single,0.486
weight_change,1,other,unknown,0.261
weekly_tasks,1,routine,single,0.429
weekly_mileage,1,other,unknown,0.206
weekly_meeting,1,attended,set,0.422
weekend_wake_up_time,1,routine,single,0.510
weekend_wake_time,1,routine,single,0.472
weekend_snack_policy,1,dietary_rule,single,0.385
weekend_event_recommendations,1,recommended,speech,0.424
weekend_bedtime,1,other,unknown,0.341
weekday_wake_up_time,1,routine,single,0.545
weekday_activities,1,routine,single,0.447
wedding_gift,1,milestone,event,0.371
website_template,1,other,unknown,0.116
website_tech_stack,1,other,unknown,0.232
website_recommendation,1,recommended,speech,0.398
website_projects,1,other,unknown,0.249
website_project_details,1,other,unknown,0.247
website_platform,1,other,unknown,0.262
webcam_recommendations,1,recommended,speech,0.253
web_framework,1,other,unknown,0.335
weather_app_recommendations,1,recommended,speech,0.260
water_sports,1,other,unknown,0.274
water_reminder_schedule,1,routine,single,0.361
water_intake,1,other,unknown,0.143
water_feature_recommendation,1,recommended,speech,0.323
water_bottle_search,1,other,unknown,0.114
watching_list,1,watched,set,0.627
watched_movies,1,watched,set,0.675
watched_media,1,watched,set,0.585
watched_content,1,watched,set,0.646
watch_wishlist,1,watched,set,0.378
watch_list,1,watched,set,0.595
watch_condition,1,watched,set,0.473
watch_charging_method,1,watched,set,0.352
watch_brand_recommendations,1,recommended,speech,0.471
watch,1,watched,set,0.574
warranty_info,1,other,unknown,0.240
warranty,1,other,unknown,0.241
wardrobe_strategy,1,other,unknown,0.205
wardrobe_recommendation,1,recommended,speech,0.347
wallet_purchase_plan,1,planned_event,event,0.297
wallet_consideration,1,financial_activity,set,0.447
wallet_case_recommendations,1,recommended,speech,0.199
wallet,1,other,unknown,0.332
walking_routine_recommendations,1,recommended,speech,0.373
wake_up_aid_recommendation,1,recommended,speech,0.312
wake_time,1,routine,single,0.455
vtm_character_skills,1,other,unknown,0.213
vtm_character_name,1,other,unknown,0.164
vtm_character_details,1,other,unknown,0.146
vtm_character_backstory,1,other,unknown,0.199
vr_ar_resources,1,other,unknown,0.202
vpn_security_setup,1,other,unknown,0.101
volunteering_hours,1,other,unknown,0.339
volunteering_goal,1,current_goal,single,0.553
volunteering_activity,1,practises_hobby,set,0.499
volunteer_opportunities,1,other,unknown,0.313
volunteer_experience,1,other,unknown,0.293
volleyball_team_record,1,team_size,single,0.363
volleyball_team_rank,1,team_size,single,0.391
volleyball_team,1,team_size,single,0.366
volleyball_position,1,other,unknown,0.277
volleyball_performance,1,other,unknown,0.276
volleyball_league_start,1,other,unknown,0.168
vocal_warmups,1,other,unknown,0.181
vlogging_camera_interest,1,other,unknown,0.296
vitamin_c_serum_recommendations,1,recommended,speech,0.194
visited_boutiques,1,visited,set,0.384
visited_attractions,1,visited,set,0.631
visit_plan,1,planned_event,event,0.521
visa_status,1,health_status,single,0.413
violin_bow,1,other,unknown,0.135
vinyl_wishlist,1,other,unknown,0.245
vinyl_selling_platforms,1,other,unknown,0.295
vinyl_record_sold,1,other,unknown,0.309
vinyl_production_run,1,other,unknown,0.209
vinyl_preorder_date,1,other,unknown,0.236
vinyl_marketplace,1,other,unknown,0.278
vinyl_grading_guide,1,other,unknown,0.176
vinyl_for_sale,1,other,unknown,0.256
vinyl_collection_size,1,other,unknown,0.268
vinyl_collection_item,1,owns,set,0.381
vinyasa_tops,1,other,unknown,0.163
vinyasa_bottoms,1,other,unknown,0.104
viewing_time,1,watched,set,0.419
viewing_schedule,1,routine,single,0.387
viewing_plans,1,planned_event,event,0.430
viewing_plan,1,planned_event,event,0.403
video_ad_project,1,other,unknown,0.308
veterinarian,1,owns_pet,single,0.379
vet_visit,1,visited,set,0.352
vet_plans,1,planned_event,event,0.307
vermouth_recommendation,1,recommended,speech,0.275
venue_recommendation,1,recommended,speech,0.362
venue_pricing,1,other,unknown,0.274
venue_contact,1,attended,set,0.474
vendor_recommendations,1,recommended,speech,0.414
vendor_encounter,1,other,unknown,0.246
vehicle_test_drive,1,drives,single,0.523
vehicle_fuel_economy,1,other,unknown,0.314
vehicle_accessories,1,drives,single,0.445
vegan_salad_dressings,1,other,unknown,0.209
vegan_salad_additions,1,other,unknown,0.228
vegan_recipes,1,other,unknown,0.345
vegan_protein_sources,1,other,unknown,0.134
vegan_dessert_options,1,other,unknown,0.193
vegan_cheese_brands,1,other,unknown,0.170
vedic_practices,1,other,unknown,0.232
varnish_recommendation,1,recommended,speech,0.303
vancouver_transportation,1,other,unknown,0.209
vancouver_neighborhoods,1,lives_in,single,0.424
vancouver_grocery_stores,1,other,unknown,0.276
vancouver_attractions,1,other,unknown,0.299
val_missions,1,other,unknown,0.212
val_employment_status,1,other,unknown,0.279
vaccinations,1,other,unknown,0.231
vaccination_requirements,1,other,unknown,0.249
vaccination_plan,1,planned_event,event,0.262
vaccination,1,other,unknown,0.208
vacations,1,visited,set,0.456
vacation_status,1,visited,set,0.436
vacation_plan,1,planned_event,event,0.394
vacation_location,1,visited,set,0.558
vacation_guests,1,visited,set,0.412
vacation_flights,1,visited,set,0.445
vacation_booking,1,visited,set,0.421
uttarakhand_historical_landmarks,1,other,unknown,0.254
uttarakhand_cultural_events,1,other,unknown,0.339
user_zip_code,1,other,unknown,0.276
user_writing,1,other,unknown,0.298
user_tools,1,uses_tool,single,0.630
user_state,1,changed_state,event,0.396
user_role,1,works_as,single,0.407
user_request,1,other,unknown,0.243
user_provided_url,1,other,unknown,0.179
user_provided_text,1,other,unknown,0.340
user_project,1,other,unknown,0.299
user_pregnancy,1,other,unknown,0.245
user_preferences,1,prefers,single,0.567
user_preference_song_lyrics,1,prefers,single,0.499
user_preference,1,prefers,single,0.593
user_pig_farming_plan,1,planned_event,event,0.279
user_occupation,1,works_as,single,0.606
user_intentions,1,current_goal,single,0.460
user_intent,1,current_goal,single,0.361
user_industry,1,works_at,single,0.398
user_identity,1,other,unknown,0.325
user_groups,1,team_size,single,0.362
user_game_project,1,other,unknown,0.257
user_employment,1,works_at,single,0.562
user_eco_habits,1,financial_activity,set,0.363
user_demographics,1,other,unknown,0.322
user_company_business,1,works_at,single,0.459
user_background,1,other,unknown,0.177
user_age_relative,1,other,unknown,0.298
user_activity,1,practises_hobby,set,0.359
upcoming_trip_itinerary,1,planned_event,event,0.473
upcoming_trip_dates,1,planned_event,event,0.466
upcoming_travel,1,planned_event,event,0.480
upcoming_presentations,1,planned_event,event,0.442
upcoming_gigs,1,other,unknown,0.323
upcoming_auditions,1,other,unknown,0.252
university_initiatives,1,other,unknown,0.334
university_collaborations,1,other,unknown,0.319
university_application,1,studies,single,0.362
ukulele_recommendations,1,recommended,speech,0.250
ukulele_purchase_goal,1,current_goal,single,0.309
ukulele_learning_resources,1,other,unknown,0.221
ukulele_interest,1,other,unknown,0.262
ukulele_access,1,other,unknown,0.153
uk_trade_agreements,1,other,unknown,0.230
uav_project_name,1,other,unknown,0.263
typewriter_weight,1,other,unknown,0.160
typewriter_production_years,1,other,unknown,0.244
typewriter_owned,1,owns,set,0.369
twitter_usage,1,other,unknown,0.273
twitter_scheduling,1,other,unknown,0.331
twitter_header,1,other,unknown,0.163
twitter_content_topics,1,other,unknown,0.288
twitter_chat_history,1,event_occurred,event,0.321
twitter_activity,1,other,unknown,0.257
tv_watchlist_strategy,1,watched,set,0.554
tv_watchlist,1,watched,set,0.598
tv_viewing_time,1,watched,set,0.445
tv_tracking_app,1,watched,set,0.391
tv_show_progress,1,watched,set,0.425
tv_show_habit,1,routine,single,0.448
tv_show_examples,1,watched,set,0.472
tv_comparison,1,watched,set,0.417
troubleshooting,1,other,unknown,0.167
trips_planned,1,visited,set,0.507
tripod_upgrade_consideration,1,other,unknown,0.128
tripod_specs,1,other,unknown,0.158
tripod,1,other,unknown,0.206
trip_transportation,1,visited,set,0.513
trip_planning_tools,1,visited,set,0.378
trip_gear,1,owns,set,0.356
trip_destination_distance,1,visited,set,0.431
trip_destination,1,visited,set,0.594
trip_date_preference,1,visited,set,0.403
trip_consideration,1,visited,set,0.555
trip_companions,1,visited,set,0.461
triathlon_recommendation,1,recommended,speech,0.202
triathlon_participation,1,other,unknown,0.305
triathlon_history,1,event_occurred,event,0.233
trellis_sealant,1,other,unknown,0.146
treatment_center,1,other,unknown,0.275
treasury_team_revenue_projection,1,other,unknown,0.280
treasury_team_cost_savings,1,financial_activity,set,0.321
treadmill_recommendations,1,recommended,speech,0.247
travel_wifi_recommendations,1,recommended,speech,0.267
travel_vouchers,1,other,unknown,0.236
travel_tolerance,1,visited,set,0.468
travel_timing,1,visited,set,0.418
travel_time,1,visited,set,0.491
travel_sustainability_tips,1,visited,set,0.421
travel_supplies,1,other,unknown,0.313
travel_preferences,1,visited,set,0.554
travel_insurance,1,visited,set,0.370
travel_inquiries,1,visited,set,0.434
travel_info,1,visited,set,0.519
travel_incidents,1,visited,set,0.438
travel_guests,1,visited,set,0.488
travel_gear_recommendations,1,recommended,speech,0.336
travel_gear_purchased,1,owns,set,0.441
travel_frequency,1,visited,set,0.368
travel_documents,1,visited,set,0.439
travel_details,1,visited,set,0.583
travel_bookings,1,visited,set,0.410
travel_arrival,1,visited,set,0.470
travel_agency_recommendations,1,recommended,speech,0.429
travel_agencies,1,visited,set,0.416
travel_accommodations,1,visited,set,0.551
transportation_plans,1,planned_event,event,0.361
transportation_mode,1,other,unknown,0.344
transportation_expenses,1,financial_activity,set,0.402
translation_requests,1,other,unknown,0.259
transcript_participants,1,other,unknown,0.273
training_strategy,1,other,unknown,0.300
training_schedule,1,routine,single,0.361
training_programs,1,other,unknown,0.313
training_methods,1,other,unknown,0.274
train_usage_frequency,1,other,unknown,0.243
train_ticket_cost,1,other,unknown,0.114
train_pass_cost,1,other,unknown,0.085
train_commute_time,1,other,unknown,0.216
trail_rules,1,other,unknown,0.274
trade_show_strategy,1,other,unknown,0.189
tracking_method,1,other,unknown,0.235
toy_collection,1,owns,set,0.346
tourism_promotion,1,visited,set,0.360
tour_selection,1,visited,set,0.461
tour_recommendation,1,recommended,speech,0.448
tour_pricing,1,other,unknown,0.308
tour_plans,1,planned_event,event,0.438
tour_offer,1,other,unknown,0.278
toothpaste_type,1,other,unknown,0.214
toothpaste_recommendations,1,recommended,speech,0.291
toothpaste,1,other,unknown,0.211
toothbrush_recommendations,1,recommended,speech,0.297
tools_owned,1,owns,set,0.518
tokyo_renewable_target,1,other,unknown,0.259
tokyo_accommodation_budget,1,financial_activity,set,0.258
toilet_cleaner_choice,1,other,unknown,0.220
tofu_recipe_recommendation,1,recommended,speech,0.302
to_read_list,1,read,set,0.477
to_do_list,1,other,unknown,0.322
to_do,1,other,unknown,0.270
tirana_restaurants,1,other,unknown,0.346
time_tracking_tools,1,event_occurred,event,0.379
time_off,1,other,unknown,0.258
time_consuming_tasks,1,other,unknown,0.295
tiktok_growth,1,other,unknown,0.206
tiktok_engagement,1,other,unknown,0.242
tidying_routine,1,routine,single,0.403
tidying_method,1,other,unknown,0.145
thomas_diet,1,dietary_rule,single,0.424
thesis_title,1,other,unknown,0.339
thesis_proposal_date,1,other,unknown,0.318
thesis_advisor,1,recommended,speech,0.380
therapy_frequency,1,other,unknown,0.307
therapy,1,other,unknown,0.280
therapist,1,other,unknown,0.268
theme_park_visits,1,visited,set,0.398
theatrical_role,1,other,unknown,0.326
theatre_roles,1,other,unknown,0.298
theater_interests,1,other,unknown,0.324
thai_red_curry_paste_brands,1,other,unknown,0.253
thai_food_recommendation,1,recommended,speech,0.329
test_preparation,1,other,unknown,0.340
test_drive_scheduled,1,other,unknown,0.275
tent_recommendation,1,recommended,speech,0.251
tennis_tracking_recommendations,1,recommended,speech,0.271
tennis_tournament,1,other,unknown,0.252
tennis_style,1,other,unknown,0.252
tennis_sock_recommendation,1,recommended,speech,0.166
tennis_serve_issues,1,other,unknown,0.112
tennis_sensor_price,1,other,unknown,0.074
tennis_schedule,1,routine,single,0.264
tennis_match_history,1,event_occurred,event,0.339
tennis_lessons_count,1,other,unknown,0.244
tennis_lessons,1,other,unknown,0.265
tennis_league,1,other,unknown,0.259
tennis_instructor,1,other,unknown,0.291
tennis_goals,1,current_goal,single,0.346
tennis_fan,1,other,unknown,0.215
tennis_courts,1,other,unknown,0.201
tennis_achievement,1,other,unknown,0.264
tempeh_recipe_recommendation,1,recommended,speech,0.386
telegram_usage,1,other,unknown,0.303
technical_troubleshooting,1,other,unknown,0.162
technical_task,1,other,unknown,0.330
technical_skills,1,other,unknown,0.318
technical_question,1,other,unknown,0.207
tech_support,1,other,unknown,0.252
tech_stack_recommendations,1,recommended,speech,0.370
tech_skill_level,1,other,unknown,0.270
tech_reviewers,1,recommended,speech,0.385
tech_interest,1,studies,single,0.402
team_outing_plan,1,planned_event,event,0.450
team_outing_attendees,1,attended,set,0.547
team_leader,1,team_size,single,0.527
team_conflict_resolution_plan,1,planned_event,event,0.486
team_conflict_resolution_intent,1,team_size,single,0.383
teaching_staff,1,other,unknown,0.321
teaching_experience,1,other,unknown,0.320
tea_recommendations,1,recommended,speech,0.331
tea_recommendation,1,recommended,speech,0.339
tea_interests,1,other,unknown,0.248
tea_infuser,1,other,unknown,0.159
tea_equipment,1,owns,set,0.261
tea_consumption,1,other,unknown,0.280
tasks,1,completed,set,0.444
task_request,1,completed,set,0.350
task_reminder,1,routine,single,0.384
task_progress,1,completed,set,0.510
task_management_tools,1,uses_tool,single,0.566
task_management,1,completed,set,0.382
tarot_reading,1,other,unknown,0.327
tarot_card_definition,1,other,unknown,0.114
target_bedtime,1,other,unknown,0.297
target_audience,1,current_goal,single,0.401
tailor_plans,1,planned_event,event,0.292
tablet_owned,1,owns,set,0.399
tablet,1,other,unknown,0.254
system_requirement,1,other,unknown,0.229
symptom_onset,1,health_status,single,0.427
symptom,1,health_status,single,0.461
sylius_marketplace_url,1,other,unknown,0.206
sylius_features,1,other,unknown,0.161
sydney_emissions_target,1,other,unknown,0.261
swot_analysis_tools,1,uses_tool,single,0.366
swimming_technique_youtube_channel,1,other,unknown,0.263
swimming_technique_resource,1,other,unknown,0.232
swimming_requirements,1,other,unknown,0.214
swimming_lessons,1,other,unknown,0.279
swimming_gear,1,owns,set,0.305
swimming_frequency,1,other,unknown,0.198
swimming_experience,1,other,unknown,0.235
swimming_drills,1,other,unknown,0.298
swimming_achievement,1,other,unknown,0.296
sustainable_tourism_leaders,1,other,unknown,0.300
sustainable_retailer,1,other,unknown,0.247
sustainable_household_items,1,grows,set,0.411
sustainable_coffee_brands,1,other,unknown,0.204
sustainable_clothing_subscription_recommendation,1,recommended,speech,0.271
sustainability_label_recommendations,1,recommended,speech,0.299
sustainability_goal,1,current_goal,single,0.482
sustainability_directory_recommendations,1,recommended,speech,0.319
sushi_restaurants,1,ate_at,set,0.421
sushi_recommendations,1,recommended,speech,0.256
survey_requests_sent,1,other,unknown,0.250
surname,1,other,unknown,0.336
support_groups,1,other,unknown,0.334
support_group,1,other,unknown,0.329
supplies,1,other,unknown,0.328
supplements,1,other,unknown,0.247
supplement_recommendation,1,recommended,speech,0.303
supervisor_name,1,works_at,single,0.404
sunscreen_recommendations,1,recommended,speech,0.261
sugarcane_harvesting_method,1,other,unknown,0.254
succulent_planting_date,1,other,unknown,0.228
succulent_arrangement,1,other,unknown,0.273
substance_use_history,1,event_occurred,event,0.326
subscription_status,1,used_service,set,0.449
styling_suggestion,1,recommended,speech,0.333
study_history,1,event_occurred,event,0.574
study_abroad_application,1,studies,single,0.426
stroller_specs,1,other,unknown,0.240
stroller_interest,1,other,unknown,0.270
stroller_compatibility,1,other,unknown,0.196
stress_reduction_techniques,1,other,unknown,0.122
strength_training_schedule,1,routine,single,0.309
streaming_services,1,listened_to,set,0.550
streaming_search_tools,1,listened_to,set,0.392
streaming_device,1,listened_to,set,0.425
streaming_comparison_resources,1,other,unknown,0.332
story_setting,1,other,unknown,0.269
story_planning,1,planned_event,event,0.423
story_idea,1,other,unknown,0.314
story_development,1,other,unknown,0.304
story_details,1,other,unknown,0.284
story_character_name,1,other,unknown,0.231
store_sale,1,other,unknown,0.325
storage_solution,1,other,unknown,0.249
storage_recommendation,1,recommended,speech,0.235
storage_purchases,1,acquired,set,0.444
storage_purchase,1,acquired,set,0.434
storage_preferences,1,prefers,single,0.383
storage_instruction,1,other,unknown,0.193
storage_bin_retailers,1,other,unknown,0.274
storage_bin_brands,1,other,unknown,0.312
stir_fry_vegetables,1,other,unknown,0.336
stir_fry_seasoning,1,cooked,set,0.377
step_goal,1,current_goal,single,0.633
statistics_resource_recommendation,1,recommended,speech,0.367
startup_ideas,1,other,unknown,0.208
stand_mixer_status,1,other,unknown,0.272
stamp_issuer,1,other,unknown,0.150
stamp_collection_interests,1,other,unknown,0.347
stamp_collection_details,1,other,unknown,0.310
stain_type,1,other,unknown,0.152
staff_interaction,1,other,unknown,0.348
stack_overflow_impact,1,other,unknown,0.157
stable_location,1,other,unknown,0.308
spotify_usage,1,listened_to,set,0.487
spotify_playlists,1,listened_to,set,0.445
sports_watched,1,watched,set,0.505
sports_trophy,1,other,unknown,0.213
sports_teams,1,other,unknown,0.338
sports_team_interest,1,team_size,single,0.368
sports_team,1,team_size,single,0.384
sports_stats,1,other,unknown,0.291
sports_played,1,practises_hobby,set,0.411
sports_memorabilia_collection,1,owns,set,0.408
sports_events_attended,1,attended,set,0.552
sports_bra,1,other,unknown,0.224
sports_app,1,other,unknown,0.262
spider_plant_care,1,grows,set,0.407
spice_recommendations,1,recommended,speech,0.382
spending_tracking_method,1,financial_activity,set,0.488
spanish_study_routine,1,routine,single,0.474
spanish_proficiency,1,other,unknown,0.241
spanish_learning_media,1,other,unknown,0.320
spanish_cooking_books,1,cooked,set,0.449
souvenir_shops_melbourne,1,other,unknown,0.287
soundbar_search,1,other,unknown,0.247
songwriting_methods,1,other,unknown,0.313
songwriter_recommendations,1,recommended,speech,0.369
song_writer,1,other,unknown,0.340
song_info,1,other,unknown,0.322
song_chord_progression,1,other,unknown,0.267
soil_recommendations,1,recommended,speech,0.372
software_used,1,uses_tool,single,0.581
software_recommendation,1,recommended,speech,0.451
software_plans,1,planned_event,event,0.350
software_owned,1,owns,set,0.414
software_needs,1,uses_tool,single,0.448
software_learning,1,other,unknown,0.297
software_installed,1,uses_tool,single,0.387
software_history,1,event_occurred,event,0.358
software_development_practices,1,other,unknown,0.320
software_development,1,other,unknown,0.341
software,1,uses_tool,single,0.471
softbox_light_recommendation,1,recommended,speech,0.233
soda_consumption_advice,1,recommended,speech,0.269
sock_recommendations,1,recommended,speech,0.307
sock_organizer_recommendation,1,recommended,speech,0.296
sock_divider_recommendation,1,recommended,speech,0.214
social_visit,1,visited,set,0.540
social_routine,1,routine,single,0.494
social_relationships,1,relationship_status,single,0.476
social_meetings,1,attended,set,0.444
social_media_presence,1,other,unknown,0.341
social_media_post_examples,1,other,unknown,0.276
social_media_plans,1,planned_event,event,0.431
social_media_management_tools,1,uses_tool,single,0.411
social_media_management_recommendations,1,recommended,speech,0.428
social_media_management,1,other,unknown,0.279
social_media_help,1,other,unknown,0.272
social_media_group,1,other,unknown,0.270
social_media_goals,1,current_goal,single,0.538
social_media_followers,1,other,unknown,0.327
social_media_event,1,event_occurred,event,0.479
social_media_calendar,1,planned_event,event,0.454
social_media_break,1,other,unknown,0.266
social_group_activity,1,team_size,single,0.352
social_group,1,knows_person,set,0.362
social_events_attended,1,attended,set,0.637
social_contact,1,knows_person,set,0.454
social_connection_work,1,knows_person,set,0.387
sochi_seafood_recommendations,1,recommended,speech,0.241
sochi_restaurant_recommendations,1,recommended,speech,0.360
sochi_itinerary_start,1,other,unknown,0.264
sochi_food_recommendations,1,recommended,speech,0.260
soccer_skill_challenges,1,other,unknown,0.288
soccer_schedule,1,routine,single,0.297
soccer_performance,1,other,unknown,0.264
soccer_games_played,1,other,unknown,0.209
soap_packaging,1,other,unknown,0.177
soap_making_advice,1,recommended,speech,0.237
snorkeling_mask_recommendation,1,recommended,speech,0.190
sneaker_shopping_location,1,other,unknown,0.244
sneaker_count,1,other,unknown,0.253
snack_subscription_recommendations,1,recommended,speech,0.367
snack_stash,1,other,unknown,0.309
snack_routine,1,routine,single,0.453
snack_recipe_recommendations,1,recommended,speech,0.346
snack_consumption,1,dietary_rule,single,0.449
snack_budget,1,financial_activity,set,0.346
smoothie_recipes,1,other,unknown,0.302
smoothie_preference,1,prefers,single,0.401
smoothie_ingredient,1,other,unknown,0.249
smoothie_bowl_recipe,1,other,unknown,0.300
smoking_wood_recommendation,1,recommended,speech,0.216
smoking_wood_chips,1,other,unknown,0.248
smartwatch_owned,1,owns,set,0.375
smartwatch_cost,1,other,unknown,0.215
smartwatch_accessories,1,other,unknown,0.236
smart_tv_issues,1,other,unknown,0.205
smart_scale_spec,1,other,unknown,0.157
smart_scale_recommendations,1,recommended,speech,0.403
smart_scale_feature,1,other,unknown,0.158
smart_scale,1,other,unknown,0.190
smart_home_device,1,other,unknown,0.270
smart_city_os_recommendation,1,recommended,speech,0.290
smart_bulb_recommendation,1,recommended,speech,0.275
slideshow_project,1,other,unknown,0.186
sleeping_bag_recommendation,1,recommended,speech,0.196
sleep_tracking_method,1,other,unknown,0.333
sleep_tracking_app,1,other,unknown,0.317
sleep_tracking,1,other,unknown,0.341
sleep_struggles,1,other,unknown,0.306
sleep_stats,1,other,unknown,0.326
sleep_routine,1,routine,single,0.625
sleep_observation,1,routine,single,0.359
sleep_goal,1,current_goal,single,0.453
sleep_duration_goal,1,current_goal,single,0.327
sleep_duration,1,other,unknown,0.279
skincare_to_try,1,other,unknown,0.311
skincare_spending,1,financial_activity,set,0.278
skincare_set,1,other,unknown,0.252
skincare_safety,1,advised_against,speech,0.383
skincare_routine_preference,1,prefers,single,0.369
skincare_purchases,1,acquired,set,0.267
skincare_preferences,1,prefers,single,0.412
skincare_ingredients,1,other,unknown,0.250
skincare_brands_to_check,1,other,unknown,0.297
skincare_brand_discovery,1,other,unknown,0.232
skin_concerns,1,other,unknown,0.335
skin_complexion,1,other,unknown,0.239
skills_training,1,other,unknown,0.318
skills_learning,1,other,unknown,0.281
skills,1,other,unknown,0.336
skill_set,1,other,unknown,0.262
skill_learning_platform,1,other,unknown,0.245
skiing_progress,1,other,unknown,0.246
skiing_achievements,1,other,unknown,0.270
ska_bands,1,other,unknown,0.263
sixties_seventies_music_documentaries,1,other,unknown,0.258
sixties_seventies_music_books,1,other,unknown,0.241
sister_style_preference,1,prefers,single,0.375
sister_name,1,other,unknown,0.305
sister_music_taste,1,other,unknown,0.328
sister_color_preference,1,other,unknown,0.331
sister_boyfriend_name,1,other,unknown,0.321
sister_age,1,other,unknown,0.209
sinus_treatment_recommendation,1,recommended,speech,0.215
singing_lessons,1,other,unknown,0.299
silver_cleaning_methods,1,other,unknown,0.158
signature_drink,1,other,unknown,0.204
side_table,1,other,unknown,0.183
side_dish_recommendations,1,recommended,speech,0.343
sicily_restaurants,1,ate_at,set,0.388
sicily_landmarks,1,other,unknown,0.228
show_progress,1,completed,set,0.404
show_premiere_date,1,other,unknown,0.300
show_concept,1,explained,speech,0.360
shopping_trip,1,visited,set,0.460
shopping_task,1,other,unknown,0.289
shopping_search,1,other,unknown,0.217
shopping_savings,1,financial_activity,set,0.471
shopping_research,1,other,unknown,0.265
shopping_plan,1,planned_event,event,0.288
shopping_philosophy,1,other,unknown,0.290
shopping_order,1,ate_at,set,0.423
shopping_goal,1,current_goal,single,0.560
shopping_discounts,1,other,unknown,0.234
shopping_decisions,1,financial_activity,set,0.403
shopping_deals,1,other,unknown,0.223
shopping_consideration,1,other,unknown,0.348
shoes,1,other,unknown,0.249
shoelace_recommendations,1,recommended,speech,0.281
shoe_repair,1,other,unknown,0.155
shoe_recommendations,1,recommended,speech,0.270
shoe_maintenance,1,other,unknown,0.214
shoe_collection,1,owns,set,0.348
shipping_savings,1,financial_activity,set,0.295
shinjuku_restaurants,1,ate_at,set,0.362
shaving_recommendations,1,recommended,speech,0.308
shampoo_type,1,other,unknown,0.193
shampoo_conditioner_recommendations,1,recommended,speech,0.270
sewing_materials,1,other,unknown,0.208
sewing_machine_status,1,other,unknown,0.317
sewing_machine,1,other,unknown,0.186
service_shop_specialty,1,used_service,set,0.357
service_shop_duration,1,other,unknown,0.334
service_shop_capacity,1,used_service,set,0.364
service_provider_experience,1,used_service,set,0.551
service_provider,1,used_service,set,0.629
service_plans,1,planned_event,event,0.480
service_info,1,used_service,set,0.538
servers,1,other,unknown,0.286
series_watched,1,watched,set,0.686
series_recommendations,1,recommended,speech,0.369
seo_requests,1,other,unknown,0.241
sensor_data_endpoint,1,other,unknown,0.199
seminars_attended,1,attended,set,0.531
seminar_attendance,1,attended,set,0.631
selling_goal,1,current_goal,single,0.513
selected_recipe,1,cooked,set,0.501
selected_hardware,1,other,unknown,0.177
selected_face_mask,1,other,unknown,0.190
seitan_recipe_recommendation,1,recommended,speech,0.294
security_setup,1,other,unknown,0.179
security_settings,1,other,unknown,0.297
seasoning_recommendation,1,recommended,speech,0.411
seasickness_medication,1,other,unknown,0.245
search_intent,1,other,unknown,0.345
sculptures_created,1,other,unknown,0.237
sculpting_tools,1,uses_tool,single,0.368
sculpting_instructor,1,other,unknown,0.256
scuba_organizations,1,other,unknown,0.259
screen_time_apps,1,other,unknown,0.247
screen_protector_recommendations,1,recommended,speech,0.245
screen_cleaning_recommendation,1,recommended,speech,0.296
scratching_post,1,other,unknown,0.227
scrapbook_title,1,works_as,single,0.361
school_refusal_strategies,1,other,unknown,0.208
school_logo,1,other,unknown,0.236
scheduling_preference,1,other,unknown,0.312
scheduled_calls,1,planned_event,event,0.379
scenic_drive_recommendation,1,recommended,speech,0.336
sccc_tender_closing_date,1,other,unknown,0.118
sccc_tender_budget,1,financial_activity,set,0.250
sccc_tender_briefing,1,other,unknown,0.169
saxophone_learning_resources,1,other,unknown,0.269
savings,1,financial_activity,set,0.592
san_francisco_renewable_target,1,other,unknown,0.244
salsa_learning_channels,1,other,unknown,0.215
saline_recipe,1,other,unknown,0.284
sales_scripts,1,other,unknown,0.204
sales_record,1,acquired,set,0.352
sales_experience,1,other,unknown,0.278
sales_data,1,other,unknown,0.270
sales_activity,1,other,unknown,0.303
salary_data_science_tech,1,other,unknown,0.202
salary_data_science_retail,1,other,unknown,0.212
salary_data_science_healthcare,1,other,unknown,0.178
salary_data_science_government,1,other,unknown,0.206
salary_data_science_finance,1,other,unknown,0.273
salad_greens_recommendations,1,recommended,speech,0.227
sake_serving_temperature,1,other,unknown,0.311
sake_choice,1,other,unknown,0.236
saffron_retailers,1,other,unknown,0.183
safety_preferences,1,advised_against,speech,0.453
safety_education_plan,1,planned_event,event,0.414
saarland_startup_focus,1,other,unknown,0.226
rvm_project_components,1,other,unknown,0.250
running_tracker,1,other,unknown,0.255
running_shoes_acquisition_date,1,other,unknown,0.259
running_shoe_recommendation,1,recommended,speech,0.199
running_shoe_budget,1,financial_activity,set,0.220
running_playlist_recommendation,1,recommended,speech,0.404
running_gear,1,owns,set,0.316
rugs_owned,1,owns,set,0.440
rug_location,1,other,unknown,0.256
rug,1,other,unknown,0.211
rpg_world_lore,1,other,unknown,0.229
rpg_spell_slots,1,other,unknown,0.130
rpg_setting,1,other,unknown,0.302
rpg_protagonist,1,other,unknown,0.224
rpg_plot,1,other,unknown,0.178
rpg_factions,1,other,unknown,0.204
rpg_characters,1,other,unknown,0.223
rpg_character_alignment,1,other,unknown,0.198
routine_gamification_app,1,other,unknown,0.317
router_timezone,1,other,unknown,0.149
router_software_version,1,other,unknown,0.258
router_serial_number,1,other,unknown,0.095
router_recommendation,1,recommended,speech,0.281
router_model,1,other,unknown,0.183
router_mac_address,1,other,unknown,0.176
router_hardware_version,1,other,unknown,0.152
router_age,1,other,unknown,0.191
room_rearrangement,1,other,unknown,0.230
romance_novel_preference,1,prefers,single,0.479
role,1,works_as,single,0.515
roasted_chickpea_seasoning,1,other,unknown,0.286
road_trip_plans,1,planned_event,event,0.355
road_trip_destination,1,visited,set,0.506
road_trip,1,visited,set,0.438
road_bike_specs,1,other,unknown,0.184
rippling_role_details,1,other,unknown,0.320
riddle_examples,1,other,unknown,0.264
reykjavik_restaurants,1,ate_at,set,0.431
rewards_status,1,other,unknown,0.342
rewards_redemption,1,other,unknown,0.226
reward_apps,1,other,unknown,0.274
reusable_water_bottle_brands,1,other,unknown,0.213
reunion_planning_tools,1,attended,set,0.357
reunion_planning,1,attended,set,0.375
returns_management_software,1,other,unknown,0.315
return_policy,1,other,unknown,0.288
retro_game_recommendations,1,recommended,speech,0.289
retro_arcade_recommendations,1,recommended,speech,0.248
retirement_savings,1,financial_activity,set,0.452
retirement_goals,1,current_goal,single,0.504
retirement_goal,1,current_goal,single,0.535
retailer_recommendation,1,recommended,speech,0.354
retailer,1,other,unknown,0.297
restaurant_signature_dishes,1,ate_at,set,0.389
restaurant_search_criteria,1,ate_at,set,0.418
restaurant_reservation_methods,1,ate_at,set,0.519
restaurant_reservation,1,ate_at,set,0.530
restaurant_policy,1,ate_at,set,0.497
restaurant_hours,1,ate_at,set,0.459
restaurant_features,1,ate_at,set,0.463
restaurant_dress_code,1,ate_at,set,0.361
restaurant_contact,1,ate_at,set,0.503
restaurant_choice,1,ate_at,set,0.587
response_word_minimum,1,other,unknown,0.199
residency_start_date,1,other,unknown,0.272
residence_permit_date,1,other,unknown,0.249
residence_history,1,event_occurred,event,0.616
research_tools,1,uses_tool,single,0.576
research_study_location,1,studies,single,0.494
research_recommendations,1,recommended,speech,0.553
research_prototype,1,other,unknown,0.237
research_projects,1,studies,single,0.400
research_project_location,1,other,unknown,0.293
research_presentation,1,explained,speech,0.376
research_plans,1,planned_event,event,0.425
research_plan,1,planned_event,event,0.384
research_papers,1,read,set,0.390
research_internship,1,other,unknown,0.325
research_interest,1,studies,single,0.485
research_findings,1,other,unknown,0.276
research_facility,1,other,unknown,0.302
research_concerns,1,other,unknown,0.318
research_citations,1,other,unknown,0.284
research_challenges,1,other,unknown,0.243
research_articles,1,read,set,0.479
repairs,1,other,unknown,0.243
repair_needs,1,other,unknown,0.281
repair_goals,1,current_goal,single,0.457
rental_services,1,used_service,set,0.382
rent_history,1,event_occurred,event,0.323
rent_budget,1,financial_activity,set,0.309
renovation_inquiry,1,other,unknown,0.261
renewable_energy_investments,1,other,unknown,0.338
renewable_energy_goal,1,current_goal,single,0.390
reminder_method,1,other,unknown,0.331
religious_practice,1,other,unknown,0.277
religious_activity,1,practises_hobby,set,0.375
relaxation_technique,1,other,unknown,0.128
relaxation_sounds,1,other,unknown,0.298
relationship_history,1,event_occurred,event,0.556
rei_points_goal,1,current_goal,single,0.379
rego_policy_data,1,other,unknown,0.237
reggae_artists,1,other,unknown,0.327
refill_program,1,other,unknown,0.197
reference_material,1,other,unknown,0.289
reference_manager,1,recommended,speech,0.356
recurring_schedule,1,routine,single,0.432
recurring_meeting,1,attended,set,0.391
recurring_events,1,event_occurred,event,0.552
recruiter_meeting,1,attended,set,0.406
recovery_group_schedule,1,routine,single,0.211
recovery_group_facilitators,1,other,unknown,0.279
record_player_recommendation,1,recommended,speech,0.355
record_player_budget,1,financial_activity,set,0.324
record_player,1,listened_to,set,0.364
record_management_software,1,other,unknown,0.342
record_management_app,1,other,unknown,0.290
record_cleaning_machine_recommendation,1,recommended,speech,0.290
record_cataloging_tool,1,uses_tool,single,0.360
recommended_youtube_channels,1,listened_to,set,0.355
recommended_student_residences,1,lives_in,single,0.462
recommended_sentiment_api,1,recommended,speech,0.377
recommended_scifi_fantasy,1,other,unknown,0.266
recommended_schools,1,other,unknown,0.335
recommended_online_resources,1,other,unknown,0.344
recommended_nyc_restaurants,1,ate_at,set,0.384
recommended_nyc_hotels,1,other,unknown,0.258
recommended_neighborhoods,1,lives_in,single,0.450
recommended_mystery_thriller,1,other,unknown,0.289
recommended_music,1,listened_to,set,0.493
recommended_job_platforms,1,works_at,single,0.387
recommended_inventory_software,1,other,unknown,0.298
recommended_gear,1,owns,set,0.357
recommended_drama,1,other,unknown,0.310
recommended_comedy,1,recommended,speech,0.382
recommended_barcode_scanners,1,other,unknown,0.158
recommended_barcode_printers,1,other,unknown,0.127
recommended_additional,1,recommended,speech,0.479
recipe_to_make,1,cooked,set,0.567
recipe_shared,1,cooked,set,0.483
recipe_selection,1,cooked,set,0.515
recipe_search_goal,1,current_goal,single,0.371
recipe_seafood_caesar_salad,1,other,unknown,0.245
recipe_ricotta,1,cooked,set,0.374
recipe_modifications,1,cooked,set,0.465
recipe_modification,1,cooked,set,0.495
recipe_instruction,1,cooked,set,0.525
recipe_ingredient_substitution,1,cooked,set,0.381
recipe_gochujang_dressing,1,other,unknown,0.229
recipe_details,1,cooked,set,0.543
recipe_choice,1,cooked,set,0.547
recipe_caesar_salad,1,other,unknown,0.265
receptionist_performance_metrics,1,other,unknown,0.298
receptionist_motivation_strategies,1,other,unknown,0.304
recent_trips,1,visited,set,0.519
recent_run_performance,1,other,unknown,0.181
recent_purchases,1,acquired,set,0.376
recent_events,1,event_occurred,event,0.683
recent_concerts,1,attended,set,0.419
recent_activity,1,event_occurred,event,0.429
real_estate_sale,1,other,unknown,0.298
real_estate_plan,1,planned_event,event,0.315
real_estate_partners,1,other,unknown,0.343
real_estate_interest,1,financial_activity,set,0.397
real_estate_goals,1,current_goal,single,0.487
reading_volume,1,read,set,0.390
reading_tracker,1,read,set,0.474
reading_speed,1,read,set,0.504
reading_schedule,1,routine,single,0.554
reading_progress,1,read,set,0.475
reading_preferences,1,prefers,single,0.515
reading_plans,1,planned_event,event,0.554
reading_nook_furniture,1,read,set,0.362
reading_nook_decor,1,other,unknown,0.303
reading_material,1,read,set,0.638
reading_journal_system,1,read,set,0.554
reading_format,1,read,set,0.460
reading_analysis,1,read,set,0.577
rare_records,1,other,unknown,0.310
rare_item_marketplace,1,other,unknown,0.248
rare_figurines,1,other,unknown,0.128
rank,1,other,unknown,0.236
rancho_mastatal_offerings,1,other,unknown,0.165
ramen_toppings,1,other,unknown,0.316
ramen_recipe_ingredients,1,other,unknown,0.293
raft_materials,1,other,unknown,0.136
racing_personal_best,1,other,unknown,0.272
racing_performance,1,other,unknown,0.214
racing_events_participated,1,attended,set,0.380
racing_events_attended,1,attended,set,0.507
racing_achievements,1,other,unknown,0.311
racing_achievement,1,other,unknown,0.313
races_completed,1,completed,set,0.405
race_result,1,other,unknown,0.223
race_performance,1,other,unknown,0.203
quarterly_goals,1,current_goal,single,0.462
quarantine_status,1,health_status,single,0.378
qr_code_application,1,other,unknown,0.158
python_tutorials,1,other,unknown,0.207
python_practice_resources,1,other,unknown,0.293
python_learning_resources,1,other,unknown,0.270
python_courses,1,other,unknown,0.343
python_books,1,other,unknown,0.317
purchased_item,1,acquired,set,0.490
purchased_books,1,read,set,0.454
purchase_plans,1,planned_event,event,0.296
purchase_history,1,event_occurred,event,0.472
purchase_count,1,other,unknown,0.332
purchase_costs,1,other,unknown,0.319
purchase_consideration,1,acquired,set,0.394
public_speaking_resources,1,other,unknown,0.296
ptinsights_tool,1,uses_tool,single,0.361
ptinsights_drip_campaign_focus,1,other,unknown,0.220
ptinsights_dashboards,1,other,unknown,0.216
ptinsights_campaign_end,1,other,unknown,0.226
ptinsights_campaign_duration,1,other,unknown,0.236
protein_powder,1,other,unknown,0.210
protein_intake_recommendation,1,recommended,speech,0.312
protein_bar_brand,1,other,unknown,0.174
proposed_treasury_team,1,other,unknown,0.259
proposed_company_name,1,other,unknown,0.280
proposal_location,1,other,unknown,0.271
property_viewing,1,owns,set,0.424
property_tax_rate,1,other,unknown,0.207
property_tax_due,1,other,unknown,0.233
property_tax_debt,1,other,unknown,0.261
property_renovation_cost,1,other,unknown,0.138
property_plan,1,planned_event,event,0.357
property_maintenance,1,owns,set,0.387
property_location,1,lives_in,single,0.502
property_listing_price,1,other,unknown,0.268
property_disputes,1,owns,set,0.447
property_acquisition,1,acquired,set,0.562
pronunciation_resources,1,other,unknown,0.187
promotional_codes,1,other,unknown,0.243
promotion_ceremony,1,attended,set,0.492
promoted_product,1,other,unknown,0.250
project_workflow,1,completed,set,0.357
project_work,1,completed,set,0.419
project_website,1,other,unknown,0.274
project_support_start,1,other,unknown,0.291
project_reference,1,other,unknown,0.283
project_pitches,1,other,unknown,0.345
project_needs,1,other,unknown,0.280
project_naming,1,other,unknown,0.331
project_hash_function,1,other,unknown,0.205
project_framework,1,uses_tool,single,0.384
project_design,1,other,unknown,0.332
project_data_structure,1,other,unknown,0.270
project_completion,1,completed,set,0.605
project,1,other,unknown,0.313
progress_tracking,1,other,unknown,0.328
programming_fixes,1,other,unknown,0.216
programming_experience,1,other,unknown,0.249
program_materials,1,other,unknown,0.298
program_goals,1,current_goal,single,0.556
program_duration,1,other,unknown,0.206
professional_skills,1,works_as,single,0.456
professional_plans,1,planned_event,event,0.474
professional_niche,1,practises_hobby,set,0.439
professional_networking,1,other,unknown,0.300
professional_history,1,event_occurred,event,0.401
professional_focus,1,practises_hobby,set,0.400
professional_development_schedule,1,routine,single,0.301
professional_development_recommendations,1,recommended,speech,0.418
professional_connections,1,other,unknown,0.302
professional_certifications,1,other,unknown,0.343
professional_activity,1,practises_hobby,set,0.616
productivity_technique_recommendation,1,recommended,speech,0.445
productivity_technique,1,other,unknown,0.322
productivity_strategy,1,financial_activity,set,0.359
productivity_peak,1,other,unknown,0.255
productivity_methods,1,other,unknown,0.347
productivity_goals,1,current_goal,single,0.505
productivity_app,1,uses_tool,single,0.385
productive_hours,1,routine,single,0.352
production_plans,1,planned_event,event,0.385
product_usage_right_hand,1,other,unknown,0.330
product_usage_left_hand,1,other,unknown,0.314
product_type,1,other,unknown,0.269
product_shipping_time,1,other,unknown,0.146
product_return_policy,1,other,unknown,0.264
product_promotion,1,other,unknown,0.318
product_pricing,1,other,unknown,0.262
product_price_history,1,event_occurred,event,0.330
product_info,1,other,unknown,0.259
product_goal,1,current_goal,single,0.599
product_description,1,explained,speech,0.413
printmaking_materials,1,other,unknown,0.200
primate_documentary_recommendations,1,recommended,speech,0.312
pricing_visual_portion,1,other,unknown,0.280
pricing_strategy,1,other,unknown,0.326
pricing_other_formats,1,other,unknown,0.254
pricing_in_person_filming,1,watched,set,0.350
pricing_audiovisual_portion,1,other,unknown,0.340
pricing_audio_portion,1,other,unknown,0.324
pricing_additional_revisions,1,other,unknown,0.197
price_match_policy,1,other,unknown,0.227
prestashop_tech,1,other,unknown,0.250
prestashop_features,1,other,unknown,0.239
preferred_workout_time,1,routine,single,0.434
preferred_tonic,1,prefers,single,0.444
preferred_retailer,1,prefers,single,0.429
preferred_gin,1,other,unknown,0.345
preferred_genres,1,listened_to,set,0.386
preferred_bike_ride_length,1,other,unknown,0.217
preferred_airline,1,other,unknown,0.329
pre_dinner_gathering_spot,1,ate_at,set,0.439
prayer_plant_care,1,grows,set,0.446
practice_schedule,1,routine,single,0.434
practice_routine,1,routine,single,0.593
practice_goals,1,current_goal,single,0.572
power_banks,1,other,unknown,0.143
power_bank_recommendations,1,recommended,speech,0.273
poverty_rate_youngstown,1,other,unknown,0.117
poverty_rate_east_cleveland,1,other,unknown,0.110
poverty_rate_dayton,1,other,unknown,0.104
poverty_rate_columbus,1,other,unknown,0.119
poverty_rate_cleveland,1,other,unknown,0.109
poverty_rate_cincinnati,1,other,unknown,0.106
poultry_stats,1,other,unknown,0.169
pottery_youtube_channel_recommendation,1,recommended,speech,0.285
pottery_tutorial_recommendation,1,recommended,speech,0.309
pottery_supply_recommendation,1,recommended,speech,0.289
pottery_project,1,other,unknown,0.296
pottery_materials,1,other,unknown,0.287
potential_purchases,1,acquired,set,0.373
portable_hide,1,other,unknown,0.179
portable_charger,1,other,unknown,0.152
porcelain_paver_brands,1,other,unknown,0.178
popular_facebook_post,1,other,unknown,0.306
pollinator_plants,1,grows,set,0.429
poetry_recommendations,1,recommended,speech,0.327
poetry_anthology_recommendations,1,recommended,speech,0.230
podcast_subscriptions,1,listened_to,set,0.624
podcast_progress,1,listened_to,set,0.520
podcast_preferences,1,listened_to,set,0.519
podcast_player,1,listened_to,set,0.553
podcast_playback_speed,1,listened_to,set,0.391
podcast_platform,1,listened_to,set,0.520
podcast_listening,1,listened_to,set,0.685
podcast_interests,1,listened_to,set,0.601
podcast_habit_start,1,listened_to,set,0.498
podcast_app,1,listened_to,set,0.487
plzen_recommendations,1,recommended,speech,0.337
plus_size_clothing_subscription_recommendation,1,recommended,speech,0.226
plays_seen,1,watched,set,0.361
playlist_recommendations,1,recommended,speech,0.425
playlist_organization,1,listened_to,set,0.372
playlist,1,listened_to,set,0.410
platform_patents,1,other,unknown,0.194
platform_components,1,other,unknown,0.320
plastic_usage,1,other,unknown,0.249
planter_recommendations,1,recommended,speech,0.437
plant_watering_schedule,1,routine,single,0.288
plant_recommendation,1,recommended,speech,0.505
plant_pests,1,grows,set,0.373
plant_pest_treatment,1,grows,set,0.362
plant_health,1,grows,set,0.536
plant_care_tool,1,grows,set,0.459
plant_care_routine,1,routine,single,0.523
plant_care_duration,1,grows,set,0.398
plant_care,1,grows,set,0.568
plant_benefits,1,grows,set,0.477
plant_based_calcium_sources,1,grows,set,0.366
plant,1,grows,set,0.562
planner_recommendations,1,recommended,speech,0.445
planner,1,planned_event,event,0.456
planned_workshop,1,attended,set,0.442
planned_watch_list,1,watched,set,0.523
planned_visits,1,planned_event,event,0.547
planned_trip,1,planned_event,event,0.542
planned_tasks,1,planned_event,event,0.598
planned_sustainability_projects,1,planned_event,event,0.469
planned_social_media_challenge,1,planned_event,event,0.413
planned_social_media,1,planned_event,event,0.471
planned_sides,1,planned_event,event,0.426
planned_services,1,planned_event,event,0.534
planned_road_trip,1,planned_event,event,0.415
planned_recipes,1,cooked,set,0.542
planned_recipe,1,cooked,set,0.535
planned_racing_events,1,planned_event,event,0.566
planned_races,1,planned_event,event,0.537
planned_project_details,1,planned_event,event,0.508
planned_plays,1,planned_event,event,0.439
planned_order,1,planned_event,event,0.520
planned_meal,1,ate_at,set,0.499
planned_instagram_content,1,other,unknown,0.318
planned_home_improvement,1,other,unknown,0.300
planned_hikes,1,other,unknown,0.347
planned_group_names,1,other,unknown,0.330
planned_fitness,1,routine,single,0.423
planned_fishing_trips,1,other,unknown,0.301
planned_exercise,1,routine,single,0.426
planned_drinks,1,planned_event,event,0.448
planned_desserts,1,planned_event,event,0.362
planned_courses,1,planned_event,event,0.483
planned_classes,1,planned_event,event,0.486
pitch_deck_url,1,other,unknown,0.149
pilon_definition,1,other,unknown,0.141
pig_rotor_count,1,other,unknown,0.176
pig_payload_capacity,1,other,unknown,0.183
pig_mtow_estimate,1,other,unknown,0.163
pig_cabin_height,1,other,unknown,0.166
picnic_plans,1,planned_event,event,0.355
picnic_menu,1,other,unknown,0.347
piano_resources,1,other,unknown,0.235
piano_repertoire,1,other,unknown,0.274
piano_practice_tools,1,uses_tool,single,0.389
piano_practice_approach,1,other,unknown,0.242
piano_books,1,other,unknown,0.345
piano_apps,1,other,unknown,0.227
physical_journaling_tools,1,other,unknown,0.335
physical_discomfort,1,health_status,single,0.442
physical_condition,1,health_status,single,0.487
physical_activities,1,practises_hobby,set,0.610
photography_training,1,other,unknown,0.285
photography_subjects,1,studies,single,0.388
photography_specialization,1,other,unknown,0.342
photography_plans,1,planned_event,event,0.390
photography_planning_tools,1,other,unknown,0.288
photography_learning_resources,1,other,unknown,0.256
photography_interest,1,other,unknown,0.339
photography_courses,1,studies,single,0.379
photographer_recommendations,1,recommended,speech,0.364
photo_storage_tools,1,other,unknown,0.296
photo_spot_recommendations,1,recommended,speech,0.259
photo_shoot_plans,1,planned_event,event,0.354
photo_printing_preference,1,other,unknown,0.183
photo_editing_recommendation,1,recommended,speech,0.366
photo_collection,1,owns,set,0.349
photo_captures,1,other,unknown,0.222
photo_albums,1,other,unknown,0.316
photo_album_specifications,1,other,unknown,0.228
photo_album_service,1,other,unknown,0.346
photo_album_plans,1,planned_event,event,0.342
photo_album_organization,1,other,unknown,0.258
phone_storage_management,1,other,unknown,0.292
phone_protection,1,other,unknown,0.234
phone_free_time,1,other,unknown,0.235
phone_condition,1,other,unknown,0.320
phone_battery_life,1,other,unknown,0.179
phobias,1,avoids,single,0.419
pfizer_research,1,other,unknown,0.169
pfizer_collaboration,1,other,unknown,0.217
pets_owned,1,owns,set,0.781
pet_vet_visits,1,owns_pet,single,0.467
pet_training,1,owns_pet,single,0.460
pet_toy_acquisition_date,1,owns_pet,single,0.436
pet_preference,1,owns_pet,single,0.621
pet_owned,1,owns,set,0.824
pet_medication,1,owns_pet,single,0.502
pet_health,1,owns_pet,single,0.545
pet_food_source,1,owns_pet,single,0.493
pet_food,1,owns_pet,single,0.560
pet_favorite_treats,1,owns_pet,single,0.481
pet_favorite_toys,1,owns_pet,single,0.518
pet_expense,1,owns_pet,single,0.587
pet_diet,1,owns_pet,single,0.495
pet_cat,1,owns_pet,single,0.607
pet_care_history,1,event_occurred,event,0.502
pet_adoption_interest,1,owns_pet,single,0.535
pet_activities,1,owns_pet,single,0.545
pesto_recipe,1,other,unknown,0.332
pest_control_methods,1,other,unknown,0.236
personal_style,1,other,unknown,0.313
personal_projects,1,practises_hobby,set,0.397
personal_project,1,other,unknown,0.326
personal_preferences,1,prefers,single,0.688
personal_preference,1,prefers,single,0.635
personal_milestones,1,milestone,event,0.807
personal_mantra,1,other,unknown,0.253
personal_interests,1,practises_hobby,set,0.379
personal_interest,1,financial_activity,set,0.421
personal_goals,1,current_goal,single,0.649
personal_goal,1,current_goal,single,0.650
personal_demographics,1,lives_in,single,0.391
personal_contribution,1,other,unknown,0.308
personal_contacts,1,knows_person,set,0.382
personal_conflicts,1,other,unknown,0.273
personal_care_products,1,other,unknown,0.294
personal_anecdote,1,other,unknown,0.337
persona_details,1,knows_person,set,0.362
persona,1,other,unknown,0.317
peripherals_owned,1,owns,set,0.475
periodical_subscription,1,used_service,set,0.437
perfume_purchases,1,acquired,set,0.259
performed_songs,1,listened_to,set,0.379
performances,1,other,unknown,0.280
performance_review,1,other,unknown,0.321
performance_history,1,event_occurred,event,0.316
pearl_storage_advice,1,recommended,speech,0.200
pearl_display_method,1,other,unknown,0.106
pearl_cleaning_advice,1,recommended,speech,0.192
peak_productivity_hours,1,other,unknown,0.291
peach_tree_variety,1,other,unknown,0.144
peach_tree_soil_advice,1,recommended,speech,0.193
peach_tree_pruning_advice,1,recommended,speech,0.097
peach_tree_container_size,1,other,unknown,0.170
pc_upgrade_budget,1,financial_activity,set,0.197
pc_hardware,1,other,unknown,0.147
pc_budget_estimate,1,other,unknown,0.273
payroll_update,1,other,unknown,0.265
payment_gateway_recommendation,1,recommended,speech,0.288
payment_gateway,1,other,unknown,0.261
paternal_grandparents_residence,1,lives_in,single,0.416
patents,1,other,unknown,0.206
pasta_sauce_recipe,1,other,unknown,0.320
pasta_sauce_ingredient,1,other,unknown,0.258
pasta_dough_preference,1,other,unknown,0.297
past_trip_packing,1,visited,set,0.425
past_travels,1,visited,set,0.542
past_travel_duration,1,visited,set,0.503
past_stays,1,event_occurred,event,0.464
past_residence,1,lives_in,single,0.575
past_purchases,1,acquired,set,0.457
past_hiking_experience,1,visited,set,0.400
past_hikes,1,visited,set,0.418
past_flights,1,event_occurred,event,0.439
past_flight_class,1,attended,set,0.378
past_experience,1,event_occurred,event,0.465
past_dining,1,ate_at,set,0.528
past_accommodations,1,visited,set,0.403
past_accommodation,1,visited,set,0.463
passport_update_method,1,other,unknown,0.139
passport_application,1,other,unknown,0.203
party_venue_search,1,attended,set,0.367
party_themes,1,other,unknown,0.215
party_stationery,1,other,unknown,0.274
party_playlist,1,other,unknown,0.310
party_plans,1,planned_event,event,0.458
party_photographer,1,other,unknown,0.282
party_music,1,listened_to,set,0.376
party_location,1,other,unknown,0.303
party_gifts,1,other,unknown,0.283
party_food,1,ate_at,set,0.358
party_favors,1,other,unknown,0.295
party_decorations,1,other,unknown,0.269
party_color_scheme,1,other,unknown,0.209
party_activities,1,practises_hobby,set,0.401
particle_counter_brand,1,other,unknown,0.201
parents_location,1,lives_in,single,0.394
paper_towel_alternatives,1,other,unknown,0.172
paper_sources,1,read,set,0.371
pantry_staples,1,other,unknown,0.255
pantry_needs,1,grows,set,0.388
pantry_items,1,grows,set,0.353
palette_knife_medium_recommendations,1,recommended,speech,0.277
pairing_recommendations,1,recommended,speech,0.354
painting_tutorial,1,other,unknown,0.198
painting_technique,1,other,unknown,0.129
painting_style_recommendation,1,recommended,speech,0.299
painting_projects_completed,1,completed,set,0.498
painting_projects,1,other,unknown,0.273
painting_practice_schedule,1,routine,single,0.251
painting_pieces_completed,1,completed,set,0.470
painting_music_recommendations,1,recommended,speech,0.361
painting_color_plan,1,planned_event,event,0.172
paint_choice,1,other,unknown,0.209
packing_lists,1,other,unknown,0.190
packing_habits,1,other,unknown,0.263
owned_spirits,1,owns,set,0.491
owned_electronics,1,owns,set,0.517
owned_domains,1,owns,set,0.452
owned_audio_equipment,1,owns,set,0.489
overwatch_settings,1,other,unknown,0.259
overwatch_main,1,other,unknown,0.271
overwatch_hero_recommendation,1,recommended,speech,0.336
overnight_oats_toppings,1,other,unknown,0.233
over_door_sock_organizer_recommendation,1,recommended,speech,0.217
oven_cleaning,1,other,unknown,0.278
outfit_worn,1,other,unknown,0.311
outdoor_furniture_recommendation,1,recommended,speech,0.228
orlando_restaurants,1,ate_at,set,0.454
origin_country,1,other,unknown,0.202
organizing_time,1,other,unknown,0.282
organization_tool,1,uses_tool,single,0.512
organization_task,1,works_at,single,0.446
organization_recommendation,1,recommended,speech,0.496
organization_plan,1,planned_event,event,0.402
organization_name,1,works_at,single,0.443
organization_interest_charge,1,other,unknown,0.283
optimization_tips,1,other,unknown,0.223
online_subscriptions,1,used_service,set,0.493
online_resource_recommendation,1,recommended,speech,0.405
online_purchase_count,1,other,unknown,0.267
online_payment_methods,1,other,unknown,0.319
online_monitoring_tools,1,uses_tool,single,0.460
online_courses,1,studies,single,0.376
online_application_services,1,used_service,set,0.483
okinawa_trip_itinerary,1,other,unknown,0.332
okinawa_trip_accommodation,1,visited,set,0.354
oil_change_interval,1,other,unknown,0.189
oil_brand_recommendation,1,recommended,speech,0.264
offline_map_apps,1,other,unknown,0.235
office_to_station_distance,1,other,unknown,0.260
obd_reader_recommendations,1,recommended,speech,0.385
oat_sweetener_recommendation,1,recommended,speech,0.230
nyc_vegan_recommendations,1,recommended,speech,0.190
nyc_pizza_recommendations,1,recommended,speech,0.232
nyc_hotel_recommendations,1,recommended,speech,0.277
nyc_food_recommendations,1,recommended,speech,0.324
nyc_food_market_recommendations,1,recommended,speech,0.354
nyc_brunch_recommendations,1,recommended,speech,0.266
nutritional_monitoring,1,other,unknown,0.331
nutritional_info,1,dietary_rule,single,0.393
nutritional_comparison,1,dietary_rule,single,0.372
nutrition_tracking,1,dietary_rule,single,0.405
nutrition_app_recommendations,1,recommended,speech,0.384
note_taking_tools,1,uses_tool,single,0.400
note_taking_tool,1,uses_tool,single,0.401
note_taking_apps_used,1,other,unknown,0.342
note_taking_app_preferences,1,other,unknown,0.305
note_taking_app,1,other,unknown,0.206
nlp_courses,1,other,unknown,0.331
nieces_nephews_age,1,other,unknown,0.183
niece_name,1,other,unknown,0.270
niece_graduation,1,milestone,event,0.512
niece_education,1,other,unknown,0.333
niece_details,1,other,unknown,0.272
niece_age,1,other,unknown,0.234
nickname_suggestions,1,other,unknown,0.283
next_maintenance,1,other,unknown,0.285
next_book_to_read,1,read,set,0.533
newsletter_topics,1,other,unknown,0.298
newsletter_subscriptions,1,used_service,set,0.421
newsletter_recommendation,1,recommended,speech,0.360
news_review_schedule,1,routine,single,0.293
news_read,1,read,set,0.573
news_consumption_schedule,1,routine,single,0.361
network_hardware,1,other,unknown,0.136
network_equipment,1,owns,set,0.298
network_environment,1,other,unknown,0.223
nether_paradise_structure,1,other,unknown,0.116
nether_paradise_function,1,other,unknown,0.081
nether_paradise_definition,1,other,unknown,0.087
netflix_account_management,1,other,unknown,0.348
nephew_birthday,1,milestone,event,0.402
nemesis,1,other,unknown,0.285
neighborhood_amenities,1,lives_in,single,0.442
negroni_preferred_ingredients,1,other,unknown,0.182
negroni_made_count,1,other,unknown,0.159
nba_viewing_habit,1,routine,single,0.389
navigation_favorites,1,prefers,single,0.455
navigation_app_recommendations,1,recommended,speech,0.427
nature_documentary_recommendations,1,recommended,speech,0.359
natural_remedy_recommendations,1,recommended,speech,0.278
nats_helpline,1,other,unknown,0.154
nats_convention,1,other,unknown,0.181
nassim_haramein_info,1,other,unknown,0.257
nas_recommendations,1,recommended,speech,0.281
nas_device_recommendations,1,recommended,speech,0.242
nap_habit,1,routine,single,0.461
name_change_status,1,other,unknown,0.258
name_change_notification,1,other,unknown,0.198
musician_profile,1,listened_to,set,0.410
musicals_watchlist,1,watched,set,0.377
musical_skills,1,other,unknown,0.269
musical_repertoire,1,other,unknown,0.335
musical_instrument_practice,1,other,unknown,0.316
musical_influences,1,other,unknown,0.325
musical_equipment,1,owns,set,0.302
music_workshops,1,other,unknown,0.345
music_workshop_attendance,1,attended,set,0.508
music_theory_resources,1,listened_to,set,0.363
music_theory_books,1,other,unknown,0.338
music_tempo_recommendation,1,recommended,speech,0.311
music_streaming_service,1,listened_to,set,0.645
music_skill,1,listened_to,set,0.385
music_releases,1,listened_to,set,0.394
music_production_software,1,other,unknown,0.309
music_preferences,1,prefers,single,0.430
music_playlists,1,listened_to,set,0.484
music_platform_verification_goal,1,current_goal,single,0.309
music_plan,1,planned_event,event,0.434
music_journal,1,listened_to,set,0.498
music_interest,1,listened_to,set,0.534
music_history_documentaries,1,listened_to,set,0.371
music_history_books,1,other,unknown,0.328
music_group,1,other,unknown,0.347
music_goals,1,current_goal,single,0.482
music_genres,1,listened_to,set,0.447
music_festival_interests,1,listened_to,set,0.391
music_festival_attendance,1,attended,set,0.457
music_discovery_platform,1,listened_to,set,0.422
music_discovery,1,listened_to,set,0.448
music_choice,1,listened_to,set,0.468
mushroom_recommendation,1,recommended,speech,0.280
museum_tour_plans,1,planned_event,event,0.419
museum_tour_guide,1,attended,set,0.388
museum_pass_purchase_methods,1,acquired,set,0.405
museum_pass_duration,1,other,unknown,0.260
multiplayer_games_list,1,other,unknown,0.258
multiplayer_games_interest,1,other,unknown,0.315
mulch_preference,1,other,unknown,0.290
moving_plans,1,planned_event,event,0.385
moving_plan,1,planned_event,event,0.420
moving_date,1,event_occurred,event,0.397
movies_watched_count,1,watched,set,0.651
movie_night_theme,1,other,unknown,0.257
movie_marathon_plan,1,planned_event,event,0.358
movie_marathon_lineup,1,watched,set,0.360
movie_marathon,1,watched,set,0.415
movie_journal,1,watched,set,0.431
movie_habits,1,watched,set,0.550
movie_collection_organization,1,watched,set,0.383
move_date,1,event_occurred,event,0.387
mouse_preferences,1,prefers,single,0.377
mouse,1,other,unknown,0.244
mountain_biking_recommendations,1,recommended,speech,0.196
motorcycles_owned,1,owns,set,0.442
mother_taahlen_occupation,1,other,unknown,0.279
mother_health,1,health_status,single,0.424
mother_birthday,1,milestone,event,0.429
mother_age,1,other,unknown,0.205
mortgage_provider,1,other,unknown,0.288
mortgage_preapproval_amount,1,other,unknown,0.233
mortgage_details,1,other,unknown,0.234
morning_workout_time,1,routine,single,0.594
morning_workout_schedule,1,routine,single,0.660
morning_workout_frequency,1,routine,single,0.623
morning_routine_tips,1,routine,single,0.673
morning_routine_goal,1,current_goal,single,0.694
morning_routine_details,1,routine,single,0.742
morning_buffer_time,1,other,unknown,0.334
morning_beverage_habit,1,routine,single,0.527
moocs,1,other,unknown,0.251
monthly_take_home_pay,1,other,unknown,0.205
monthly_spending,1,financial_activity,set,0.568
monthly_fixed_expenses,1,financial_activity,set,0.415
monthly_expenses,1,financial_activity,set,0.451
monetization_strategy,1,financial_activity,set,0.355
moisturizer_requirements,1,other,unknown,0.265
moisturizer_recommendations,1,recommended,speech,0.341
moisturizer_preference,1,other,unknown,0.342
moisturizer_choice,1,other,unknown,0.279
moisturizer_brand,1,other,unknown,0.199
mofongo_definition,1,other,unknown,0.163
moffat_business,1,other,unknown,0.171
moffat_accommodations,1,other,unknown,0.243
models_completed,1,completed,set,0.433
model_project_start_date,1,other,unknown,0.271
model_project_start,1,other,unknown,0.305
model_project,1,other,unknown,0.251
model_paint_type,1,other,unknown,0.171
model_building_start_date,1,other,unknown,0.232
model_building_duration,1,other,unknown,0.243
mobile_games,1,other,unknown,0.295
mlb_ticket_sources,1,other,unknown,0.231
ml_tool,1,uses_tool,single,0.417
ml_task,1,other,unknown,0.254
ml_project,1,other,unknown,0.172
mixed_media_techniques,1,other,unknown,0.275
mixed_media_materials,1,other,unknown,0.216
mission_history,1,event_occurred,event,0.312
mirror_details,1,other,unknown,0.273
mirror_choice,1,other,unknown,0.307
mindfulness_techniques,1,other,unknown,0.178
mindfulness_retreat,1,other,unknown,0.194
mindfulness_resources,1,other,unknown,0.205
mindfulness_recommendation,1,recommended,speech,0.344
mindfulness_practices,1,other,unknown,0.233
mindfulness_exercises,1,other,unknown,0.304
migration_history,1,event_occurred,event,0.402
middleware_requirements,1,other,unknown,0.274
microphone_recommendations,1,recommended,speech,0.263
microfiber_cloth_recommendation,1,recommended,speech,0.199
metal_straw_recommendations,1,recommended,speech,0.179
messaging_preference,1,prefers,single,0.427
mesh_networking_recommendation,1,recommended,speech,0.221
mesh_network_recommendations,1,recommended,speech,0.272
merchandise_search_strategies,1,other,unknown,0.249
menu_starter,1,other,unknown,0.298
menu_selection,1,other,unknown,0.229
menu_planning,1,other,unknown,0.335
menu_plan,1,planned_event,event,0.323
menu_main,1,other,unknown,0.205
menu_item,1,other,unknown,0.248
menu_drink,1,ate_at,set,0.353
menu_centerpiece,1,other,unknown,0.197
mentorship_schedule,1,routine,single,0.252
mentorship_goals,1,current_goal,single,0.384
mentorship,1,other,unknown,0.344
mental_health_tracking,1,health_status,single,0.376
mental_health_management,1,other,unknown,0.324
mens_clothing_subscription_recommendation,1,recommended,speech,0.271
memory_concerns,1,other,unknown,0.191
meme_recommendations,1,recommended,speech,0.363
memberships,1,other,unknown,0.295
membership_costs,1,other,unknown,0.234
meeting_plan,1,planned_event,event,0.462
meeting_history,1,event_occurred,event,0.513
meerut_crops,1,grows,set,0.410
meditation_yoga_schedule,1,routine,single,0.394
meditation_websites,1,other,unknown,0.246
meditation_technique,1,other,unknown,0.224
meditation_schedule,1,routine,single,0.382
meditation_plans,1,planned_event,event,0.297
meditation_history,1,event_occurred,event,0.256
meditation_habit,1,routine,single,0.333
meditation_goal,1,current_goal,single,0.490
meditation_experts,1,other,unknown,0.305
meditation_experience,1,other,unknown,0.254
meditation_duration,1,other,unknown,0.167
meditation_app_recommendations,1,recommended,speech,0.307
meditation_app,1,other,unknown,0.187
medication_management_app,1,other,unknown,0.341
medication_history,1,event_occurred,event,0.344
medical_status,1,health_status,single,0.725
medical_procedures,1,other,unknown,0.282
medical_procedure,1,other,unknown,0.285
medical_prescription,1,other,unknown,0.308
medical_exam_timeline,1,other,unknown,0.304
medical_diagnosis,1,health_status,single,0.513
medical_device,1,other,unknown,0.278
medical_assistance,1,health_status,single,0.365
media_watch_list,1,watched,set,0.595
media_to_watch,1,watched,set,0.543
media_recommendation,1,recommended,speech,0.486
media_management_tools,1,uses_tool,single,0.431
media_interests,1,listened_to,set,0.383
media_followed,1,listened_to,set,0.395
media_consumption_speed,1,other,unknown,0.326
media_availability,1,listened_to,set,0.460
meals_prepared,1,cooked,set,0.534
meals,1,ate_at,set,0.495
meal_recommendation,1,recommended,speech,0.457
meal_prep_status,1,ate_at,set,0.458
meal_prep_ideas,1,cooked,set,0.453
meal_prep_habit,1,routine,single,0.485
meal_prep_goal,1,current_goal,single,0.445
meal_prep_day,1,ate_at,set,0.455
meal_planning_method,1,ate_at,set,0.450
meal_planning_ingredients,1,cooked,set,0.445
meal_planning_apps,1,ate_at,set,0.441
meal_planning_app,1,ate_at,set,0.454
meal_kit_services,1,ate_at,set,0.405
meal_kit_delivery,1,ate_at,set,0.382
meal_delivery_services,1,ate_at,set,0.463
meal_delivery_frequency,1,ate_at,set,0.409
mba_consideration,1,other,unknown,0.302
mayan_cuisine,1,cooked,set,0.395
mayan_arts,1,other,unknown,0.175
maxwells_website,1,other,unknown,0.165
maxwells_phone,1,other,unknown,0.240
maxwells_features,1,other,unknown,0.130
maui_trail_recommendation,1,recommended,speech,0.245
maui_resort_booking,1,other,unknown,0.237
maui_hiking_recommendation,1,recommended,speech,0.235
maui_dining_recommendation,1,recommended,speech,0.390
maui_breakfast_recommendation,1,recommended,speech,0.299
maui_activity_recommendation,1,recommended,speech,0.310
mattress_shopping,1,other,unknown,0.183
mattress_age,1,other,unknown,0.188
math_resource_recommendation,1,recommended,speech,0.293
material_hiding_spots,1,other,unknown,0.177
masters_program_recommendation,1,recommended,speech,0.366
masters_applications,1,other,unknown,0.301
mastermind_memberships,1,other,unknown,0.237
master_spirits_headquarters,1,other,unknown,0.263
marriage_date,1,relationship_status,single,0.392
marketing_tools,1,uses_tool,single,0.500
marketing_resources,1,other,unknown,0.256
marketing_materials,1,other,unknown,0.293
marketing_keywords,1,other,unknown,0.264
marketing_collaboration,1,other,unknown,0.264
marketing_campaign_metrics,1,other,unknown,0.250
marketing_budget,1,financial_activity,set,0.419
marketing_books,1,read,set,0.364
market_supplies,1,other,unknown,0.306
market_schedule,1,routine,single,0.337
market_sales,1,other,unknown,0.218
market_preparation,1,other,unknown,0.252
market_plans,1,planned_event,event,0.350
market_events,1,planned_event,event,0.469
market_attendance_plan,1,planned_event,event,0.406
market_attendance,1,attended,set,0.434
marital_history,1,event_occurred,event,0.568
marine_conservation_orgs,1,other,unknown,0.200
marinara_brand_recommendation,1,recommended,speech,0.235
marathons_completed,1,completed,set,0.398
marathon_training_recommendations,1,recommended,speech,0.269
marathon_training,1,other,unknown,0.214
marathon_history,1,event_occurred,event,0.303
marathon_finish_time,1,other,unknown,0.300
mango_harvest_recommendation,1,recommended,speech,0.271
manager_name,1,other,unknown,0.326
makeup_purchases,1,acquired,set,0.204
makeup_owned,1,owns,set,0.390
maintenance_tracking,1,other,unknown,0.290
maintenance_schedule,1,routine,single,0.322
magic_system_rules,1,other,unknown,0.275
magic_system,1,other,unknown,0.247
magazines_read,1,read,set,0.667
magazine_purchases,1,acquired,set,0.361
machine_learning_courses,1,other,unknown,0.279
maastricht_food_spots,1,other,unknown,0.287
luxury_shoes,1,other,unknown,0.245
luxury_goods,1,owns,set,0.405
lunch_recommendations,1,recommended,speech,0.459
lunch_recommendation,1,recommended,speech,0.452
lunch_habit,1,routine,single,0.475
lunch_catering,1,ate_at,set,0.490
luggage_status,1,other,unknown,0.330
luggage,1,owns,set,0.360
loyalty_program_status,1,other,unknown,0.330
loyalty_program_redemption,1,other,unknown,0.346
loyalty_program_balance,1,other,unknown,0.293
low_waste_coffee_makers,1,other,unknown,0.155
low_impact_exercises,1,other,unknown,0.267
lofi_hiphop_youtube,1,other,unknown,0.239
lofi_hiphop_artists,1,other,unknown,0.232
locket_details,1,other,unknown,0.280
location_history,1,event_occurred,event,0.436
local_support_activities,1,other,unknown,0.329
living_room_wall_width,1,other,unknown,0.273
living_room_status,1,lives_in,single,0.578
living_room_goal,1,current_goal,single,0.469
living_room_furniture,1,lives_in,single,0.378
living_room_dimensions,1,lives_in,single,0.424
living_room_design,1,lives_in,single,0.389
living_room_aesthetic,1,lives_in,single,0.413
livestock_status,1,other,unknown,0.260
livestock_plans,1,planned_event,event,0.285
livestock_owned,1,owns,set,0.427
live_streaming_start_date,1,other,unknown,0.305
live_streaming_duration,1,other,unknown,0.302
live_streaming,1,listened_to,set,0.401
literary_preference,1,prefers,single,0.492
literary_events_attended,1,event_occurred,event,0.550
literacy_volunteering_org,1,other,unknown,0.304
listening_habit,1,routine,single,0.551
linkedin_posts,1,other,unknown,0.195
linkedin_posting_goal,1,current_goal,single,0.434
linkedin_engagement,1,other,unknown,0.260
linkedin_blog_engagement,1,other,unknown,0.255
linkedin_articles,1,other,unknown,0.303
linkedin_activity,1,other,unknown,0.269
lighting_search,1,other,unknown,0.153
light_bulbs,1,other,unknown,0.213
light_bulb_owned,1,owns,set,0.328
light_bulb_brands,1,other,unknown,0.177
lifestyle_habits,1,routine,single,0.613
life_satisfaction_score,1,relationship_status,single,0.388
life_goal,1,current_goal,single,0.620
lesson_plan,1,planned_event,event,0.294
lenape_history_books,1,other,unknown,0.245
lemon_pairing_recommendation,1,recommended,speech,0.219
legal_terms_explanation,1,other,unknown,0.339
legal_systems_explanation,1,other,unknown,0.322
legal_specialization,1,works_as,single,0.352
legal_resource_recommendations,1,recommended,speech,0.305
legal_representation,1,other,unknown,0.294
legal_name_change_status,1,other,unknown,0.243
legal_name_change,1,other,unknown,0.238
legal_jurisdiction,1,other,unknown,0.308
legal_experience,1,other,unknown,0.262
legal_consultation,1,other,unknown,0.335
legal_case,1,other,unknown,0.299
legal_actions,1,other,unknown,0.298
legal_accusations,1,other,unknown,0.219
leftovers,1,other,unknown,0.289
leather_polish_recommendations,1,recommended,speech,0.238
leather_care_plan,1,planned_event,event,0.219
learning_tools,1,uses_tool,single,0.477
learning_schedule,1,routine,single,0.378
learning_resources,1,other,unknown,0.333
learning_platforms,1,other,unknown,0.272
learning_plans,1,planned_event,event,0.396
learning_materials,1,other,unknown,0.291
learning_interest,1,studies,single,0.383
learning_habits,1,routine,single,0.455
learning_habit,1,routine,single,0.448
learning_goal,1,current_goal,single,0.648
learning_apps,1,other,unknown,0.258
leadership_meetings,1,attended,set,0.406
leadership_development_methods,1,other,unknown,0.324
leadership_development_activities,1,team_size,single,0.351
lead_magnet_tool,1,other,unknown,0.309
lawyer_name,1,other,unknown,0.263
lawn_mowing_height,1,other,unknown,0.182
lawn_fertilizer,1,other,unknown,0.326
laundry_supplies,1,other,unknown,0.337
laundry_room_lighting,1,other,unknown,0.112
laundry_process,1,other,unknown,0.156
laundry_habit,1,routine,single,0.405
laundry_detergent_search,1,other,unknown,0.125
laundry_detergent_recommendations,1,recommended,speech,0.263
laundry_detergent_recommendation,1,recommended,speech,0.262
laundry_detergent_preference,1,other,unknown,0.298
laundry_detergent,1,other,unknown,0.160
laundry_date,1,event_occurred,event,0.383
latex_editor,1,other,unknown,0.322
last_oil_change,1,other,unknown,0.250
last_maintenance,1,other,unknown,0.293
large_group_game_recommendations,1,recommended,speech,0.322
laptop_usage_needs,1,other,unknown,0.302
laptop_storage,1,other,unknown,0.213
laptop_requirements,1,other,unknown,0.162
laptop_ram_upgrade_plan,1,planned_event,event,0.139
laptop_plans,1,planned_event,event,0.288
laptop_owned,1,owns,set,0.471
laptop_maintenance,1,other,unknown,0.272
laptop_cooling_pad,1,other,unknown,0.117
laptop_battery_life,1,other,unknown,0.177
laptop_battery_calibration_date,1,other,unknown,0.247
laptop_accessories,1,other,unknown,0.293
lap_timer_recommendations,1,recommended,speech,0.294
languages_learning,1,other,unknown,0.240
language_tutor,1,other,unknown,0.308
language_teacher,1,other,unknown,0.293
language_practice,1,other,unknown,0.340
language_learning_recommendations,1,recommended,speech,0.435
language_learning_recommendation,1,recommended,speech,0.431
language_exchange_recommendation,1,recommended,speech,0.487
language_exchange_interests,1,other,unknown,0.256
language_exchange_event,1,event_occurred,event,0.381
language_exchange,1,other,unknown,0.298
language_documentation_interests,1,explained,speech,0.365
language_documentation_focus,1,other,unknown,0.288
language_course,1,studies,single,0.382
language_classes,1,other,unknown,0.241
landscaping_design_choice,1,grows,set,0.379
landscaping_budget,1,financial_activity,set,0.334
land_purchase,1,acquired,set,0.447
land_maintenance,1,other,unknown,0.267
lamp_recommendations,1,recommended,speech,0.323
lamp_location,1,other,unknown,0.239
lake_house_location,1,lives_in,single,0.366
lab_skills,1,other,unknown,0.350
kyoto_restaurant_recommendations,1,recommended,speech,0.352
kyoto_hotel_recommendations,1,recommended,speech,0.248
korean_restaurants_tried,1,ate_at,set,0.438
korean_food_recommendation,1,recommended,speech,0.324
korean_dessert_recommendation,1,recommended,speech,0.281
korean_chili_flake_brands,1,other,unknown,0.201
korean_breakfast_recommendation,1,recommended,speech,0.306
knitting_tools,1,uses_tool,single,0.355
klargen_ownership,1,owns,set,0.377
kitchen_tool_recommendations,1,recommended,speech,0.424
kitchen_purchase_plans,1,planned_event,event,0.269
kitchen_organization_date,1,other,unknown,0.318
kitchen_organization,1,other,unknown,0.344
kitchen_decor_accents,1,other,unknown,0.191
kitchen_brand_recommendations,1,recommended,speech,0.278
kindle_purchase,1,acquired,set,0.300
kimchi_ingredients,1,other,unknown,0.213
kickboxing_youtube_recommendations,1,recommended,speech,0.295
kickboxing_online_program_recommendations,1,recommended,speech,0.251
kickboxing_class_recommendations,1,recommended,speech,0.264
kickboxing_app_recommendations,1,recommended,speech,0.282
keycap_cleaning_recommendation,1,recommended,speech,0.229
kedah_population,1,other,unknown,0.181
journaling_routine,1,routine,single,0.412
journaling_plans,1,planned_event,event,0.387
journaling_plan,1,planned_event,event,0.320
journaling_habit,1,routine,single,0.399
journaling,1,read,set,0.360
joint_ventures,1,other,unknown,0.282
jogging_schedule,1,routine,single,0.411
job_tenure,1,works_as,single,0.468
job_start_date,1,other,unknown,0.313
job_opportunities,1,works_as,single,0.399
job_offer,1,other,unknown,0.335
job_interview,1,other,unknown,0.350
job_candidate,1,works_as,single,0.462
job_board_recommendation,1,recommended,speech,0.393
job_applications,1,works_at,single,0.425
jewelry_usage,1,other,unknown,0.279
jewelry_shop,1,other,unknown,0.213
jewelry_search,1,other,unknown,0.239
jewelry_sale_plan,1,planned_event,event,0.203
jewelry_purchases,1,acquired,set,0.334
jewelry_possession,1,owns,set,0.611
jewelry_plans,1,planned_event,event,0.305
jewelry_organization,1,other,unknown,0.300
jewelry_materials,1,other,unknown,0.239
jewelry_lent,1,other,unknown,0.203
jewelry_for_sale,1,other,unknown,0.279
jewelry_cleaning_needs,1,other,unknown,0.187
jewelry_cataloging_method,1,other,unknown,0.217
jewelry_brand_recommendations,1,recommended,speech,0.243
jewelry_borrowed,1,owns,set,0.379
jewelry_appraiser_resources,1,other,unknown,0.266
japchae_recipe,1,other,unknown,0.346
japan_travel_resources,1,other,unknown,0.301
japan_travel_instagram,1,other,unknown,0.264
jam_flavors,1,other,unknown,0.221
itinerary_plans,1,planned_event,event,0.483
items_to_sell,1,owns,set,0.401
items_for_sale,1,owns,set,0.384
italian_recipe_recommendation,1,recommended,speech,0.353
it_tasks,1,works_at,single,0.358
invitation_style,1,attended,set,0.418
invitation_details,1,attended,set,0.430
investment_apps,1,financial_activity,set,0.408
inventions,1,other,unknown,0.282
interpersonal_conflict,1,other,unknown,0.320
internet_speed_issue,1,other,unknown,0.106
internet_speed,1,other,unknown,0.162
internet_provider,1,used_service,set,0.457
internet_plan,1,planned_event,event,0.294
internet_connection,1,other,unknown,0.195
interior_design_plans,1,planned_event,event,0.236
interested_recipes,1,cooked,set,0.527
intended_cleaning_products,1,other,unknown,0.263
insurance_recommendations,1,recommended,speech,0.391
insurance_provider,1,used_service,set,0.353
insurance_deductible,1,other,unknown,0.143
instrumentsfinder_brands,1,other,unknown,0.279
instruments_tried,1,other,unknown,0.165
instruments_owned,1,owns,set,0.491
instruments_learning,1,other,unknown,0.265
instrument_upgrade_plan,1,planned_event,event,0.191
instrument_skills,1,other,unknown,0.265
instrument_shopping,1,other,unknown,0.254
instrument_accessories,1,other,unknown,0.322
instructor,1,other,unknown,0.330
instagram_posting_frequency,1,other,unknown,0.157
instagram_post_stats,1,other,unknown,0.196
instagram_post_likes,1,prefers,single,0.370
instagram_poll,1,other,unknown,0.291
instagram_milestone,1,milestone,event,0.595
instagram_metrics,1,other,unknown,0.236
instagram_hashtag,1,other,unknown,0.173
instagram_handle,1,other,unknown,0.177
instagram_growth,1,other,unknown,0.231
instagram_groups,1,other,unknown,0.240
instagram_goals,1,current_goal,single,0.547
instagram_giveaway_prize,1,other,unknown,0.159
instagram_giveaway_plans,1,planned_event,event,0.271
instagram_follower_count,1,other,unknown,0.243
instagram_feature_usage,1,other,unknown,0.233
instagram_content_plans,1,planned_event,event,0.292
instagram_content_focus,1,other,unknown,0.225
instagram_comments_received,1,other,unknown,0.200
instagram_activity,1,other,unknown,0.269
insole_recommendations,1,recommended,speech,0.392
injury_history,1,event_occurred,event,0.359
injury,1,other,unknown,0.282
injuries,1,other,unknown,0.280
inherited_items,1,owns,set,0.561
inhaler_brand,1,other,unknown,0.162
inhaler,1,other,unknown,0.209
ingredients_learned,1,other,unknown,0.273
ingredients,1,other,unknown,0.272
ingredient_substitution,1,other,unknown,0.245
ingredient_shelf_life,1,other,unknown,0.252
ingredient_recommendation,1,recommended,speech,0.326
ingredient_prep,1,cooked,set,0.419
infrastructure_projects,1,other,unknown,0.272
influencer_recommendation,1,recommended,speech,0.395
industry_resources,1,other,unknown,0.295
industry_challenges,1,other,unknown,0.215
indoor_plant_recommendations,1,recommended,speech,0.501
indoor_garden_plans,1,planned_event,event,0.517
indigenous_organizations_to_support,1,other,unknown,0.260
indian_scarf_types,1,other,unknown,0.200
indian_scarf_fabrics,1,other,unknown,0.144
indian_cookbook_authors,1,cooked,set,0.365
income_source,1,financial_activity,set,0.372
income_inequality_policies,1,other,unknown,0.316
income_inequality_causes,1,other,unknown,0.269
immune_support_recommendation,1,recommended,speech,0.297
immigration_documents,1,other,unknown,0.224
idol_group,1,other,unknown,0.178
iceland_tour_preference,1,other,unknown,0.327
iceland_tour_operators,1,other,unknown,0.295
iceland_accommodations,1,other,unknown,0.245
ibadan_business_challenges,1,other,unknown,0.173
hydro_flask_warranty,1,other,unknown,0.110
hydro_flask_specs,1,other,unknown,0.092
hydro_flask_maintenance,1,other,unknown,0.152
hydration_advice,1,recommended,speech,0.193
hunting_trip,1,visited,set,0.383
hunting_license,1,other,unknown,0.266
humidifier_recommendation,1,recommended,speech,0.302
howard_university_initiatives,1,other,unknown,0.267
housing_preference,1,lives_in,single,0.523
housing_features,1,lives_in,single,0.468
housing_budget,1,financial_activity,set,0.390
houseplant_status,1,grows,set,0.417
household_tasks,1,grows,set,0.383
household_supplies,1,grows,set,0.411
household_chores,1,other,unknown,0.349
household_budget,1,financial_activity,set,0.476
house_yard_description,1,grows,set,0.408
house_purchase_price,1,other,unknown,0.177
house_offer_plan,1,planned_event,event,0.271
house_offer_contingency,1,other,unknown,0.296
house_listing_price,1,other,unknown,0.242
hotel_room_types,1,other,unknown,0.246
hotel_room_preference,1,other,unknown,0.327
hotel_requirements,1,other,unknown,0.261
hotel_recommendations_streeterville,1,other,unknown,0.240
hotel_recommendations_river_north,1,other,unknown,0.273
hotel_preference,1,visited,set,0.395
hotel_pet_policy,1,owns_pet,single,0.550
hotel_info,1,other,unknown,0.328
hotel_feedback,1,other,unknown,0.290
hotel_experience,1,visited,set,0.365
hotel_choice,1,visited,set,0.412
hotel_child_policy,1,other,unknown,0.291
hotel_check_out,1,other,unknown,0.349
hotel_check_in,1,visited,set,0.350
hotel_breakfast_hours,1,routine,single,0.375
hotel_bookings,1,other,unknown,0.277
hosted_events,1,planned_event,event,0.526
horse,1,other,unknown,0.306
honeymoon_fund_platforms,1,other,unknown,0.287
homestead_exemption,1,other,unknown,0.303
homemade_products,1,other,unknown,0.311
homemade_goods,1,grows,set,0.356
home_warranty_provider,1,other,unknown,0.335
home_to_station_distance,1,other,unknown,0.302
home_status,1,lives_in,single,0.509
home_search_duration,1,other,unknown,0.293
home_region,1,lives_in,single,0.377
home_purchase_price,1,other,unknown,0.177
home_office_upgrades,1,other,unknown,0.223
home_office_supplies,1,other,unknown,0.300
home_office_light_recommendations,1,recommended,speech,0.311
home_office_light,1,other,unknown,0.233
home_neighborhood,1,lives_in,single,0.559
home_move_date,1,other,unknown,0.331
home_loan_consideration,1,other,unknown,0.306
home_insurance_quotes,1,other,unknown,0.313
home_insurance,1,other,unknown,0.343
home_improvements,1,other,unknown,0.329
home_improvement_resource,1,other,unknown,0.276
home_improvement_recommendation,1,recommended,speech,0.430
home_improvement_project,1,other,unknown,0.316
home_improvement,1,other,unknown,0.316
home_features,1,lives_in,single,0.407
home_electronics,1,other,unknown,0.227
home_decor_purchase,1,acquired,set,0.319
home_decor_context,1,lives_in,single,0.373
home_budget,1,financial_activity,set,0.398
holiday_plans,1,planned_event,event,0.438
holiday_message,1,other,unknown,0.239
hobby_duration,1,practises_hobby,set,0.656
hobby_activity,1,practises_hobby,set,0.818
hobbies_interest,1,practises_hobby,set,0.596
hobbies_equipment,1,owns,set,0.559
hm_trips,1,visited,set,0.452
himss_innovation_center_location,1,other,unknown,0.157
himss_conference_timing,1,other,unknown,0.337
hiking_trail_selection,1,other,unknown,0.302
hiking_trail_details,1,other,unknown,0.283
hiking_trail,1,other,unknown,0.322
hiking_tour_operators,1,other,unknown,0.339
hiking_preferences,1,prefers,single,0.385
hiking_history,1,event_occurred,event,0.353
hiking_experience,1,other,unknown,0.338
hiking_companions,1,other,unknown,0.282
hiking_boots_owned,1,owns,set,0.389
hiking_boots_interest,1,other,unknown,0.190
hiking_apps,1,other,unknown,0.236
hiking_activity,1,practises_hobby,set,0.354
hiking,1,other,unknown,0.326
hike_duration,1,other,unknown,0.251
high_school_reunion,1,attended,set,0.366
high_school_graduation_year,1,milestone,event,0.523
hhn_visits,1,visited,set,0.357
hhn_purchases,1,acquired,set,0.255
hhn_activities,1,practises_hobby,set,0.407
herbs_grown,1,grows,set,0.463
herbal_tea_preference,1,other,unknown,0.289
herb_sales,1,grows,set,0.363
helmet,1,other,unknown,0.209
heirloom_item,1,owns,set,0.423
healthy_food_recommendations,1,recommended,speech,0.385
healthy_desserts,1,other,unknown,0.334
healthcare_organizations,1,works_at,single,0.353
healthcare_initiatives,1,health_status,single,0.370
health_tracking_apps,1,health_status,single,0.481
health_tracking,1,health_status,single,0.484
health_symptoms,1,health_status,single,0.600
health_recommendations,1,recommended,speech,0.479
health_device,1,health_status,single,0.466
hashtag_research_tools,1,other,unknown,0.286
hashtag_research_tool,1,other,unknown,0.274
harmonica_repair_services,1,other,unknown,0.198
hardware_owned,1,owns,set,0.471
happy_hour_info,1,other,unknown,0.254
handpan_notes,1,other,unknown,0.188
handbag_purchase,1,acquired,set,0.385
handbag_plans,1,planned_event,event,0.300
handbag_ownership,1,owns,set,0.617
hallway_light_fixture,1,other,unknown,0.159
halloween_plans,1,planned_event,event,0.340
haircut_post_engagement,1,other,unknown,0.219
haircut_post,1,other,unknown,0.165
haircare_recommendations,1,recommended,speech,0.375
hair_supplements,1,other,unknown,0.188
hair_removal_methods,1,other,unknown,0.113
hair_care_recommendation,1,recommended,speech,0.377
habit_tracking_apps,1,routine,single,0.404
habit,1,routine,single,0.488
h1n1_dataset_variables,1,other,unknown,0.086
h1n1_dataset_info,1,other,unknown,0.132
gym_visits,1,visited,set,0.379
gym_visit,1,other,unknown,0.324
gym_supplies,1,other,unknown,0.245
gym_routine,1,routine,single,0.565
gym_membership,1,other,unknown,0.242
gym_attendance,1,attended,set,0.434
gujarati_dishes,1,other,unknown,0.314
guitar_tuning,1,other,unknown,0.120
guitar_teacher,1,other,unknown,0.238
guitar_songs_learning,1,other,unknown,0.243
guitar_practice_focus,1,other,unknown,0.285
guitar_ownership_duration,1,owns,set,0.406
guitar_maintenance_tools,1,uses_tool,single,0.423
guitar_lessons_start_date,1,other,unknown,0.205
guitar_lesson_progress,1,other,unknown,0.273
guitar_learning_youtube,1,other,unknown,0.246
guitar_learning_platforms,1,other,unknown,0.194
guitar_learning_goals,1,current_goal,single,0.285
guitar_learning_apps,1,other,unknown,0.204
guitar_gear_resources,1,other,unknown,0.303
guitar_gear_books,1,other,unknown,0.316
guitar_experience,1,other,unknown,0.211
guitar_cables,1,other,unknown,0.120
guitar_amp,1,other,unknown,0.209
guest_list,1,other,unknown,0.321
gst_rate,1,other,unknown,0.159
group_logo,1,other,unknown,0.266
group_chats,1,other,unknown,0.299
group_admin_roles,1,team_size,single,0.362
group_activities,1,practises_hobby,set,0.390
grocery_stores,1,other,unknown,0.333
grocery_spending_goal,1,current_goal,single,0.449
grocery_spend,1,financial_activity,set,0.525
grocery_service_recommendation,1,recommended,speech,0.398
grocery_savings,1,financial_activity,set,0.418
grocery_frequency,1,other,unknown,0.312
grocery_budget,1,financial_activity,set,0.354
groceries_purchased,1,acquired,set,0.358
grinder_recommendation,1,recommended,speech,0.265
grill_recommendations,1,recommended,speech,0.248
grill_interest,1,other,unknown,0.245
gre_score,1,other,unknown,0.132
gratitude_practice,1,other,unknown,0.259
gratitude_journal_start_date,1,other,unknown,0.325
grandparents_age,1,other,unknown,0.211
grandmother_age,1,other,unknown,0.202
grandma_status,1,relationship_status,single,0.386
grandma_food_preference,1,dietary_rule,single,0.388
grandma_favorite_sitcom,1,other,unknown,0.237
grandma_age,1,other,unknown,0.198
graduate_school_research_resources,1,studies,single,0.366
gps_logger_recommendations,1,recommended,speech,0.282
government_tax_credit,1,other,unknown,0.217
golf_resources,1,other,unknown,0.260
golf_advice,1,recommended,speech,0.227
gochugaru_brand_recommendations,1,recommended,speech,0.208
goats,1,other,unknown,0.181
goat_water_trough,1,other,unknown,0.052
goat_pasture_rotation,1,other,unknown,0.106
goat_names,1,other,unknown,0.132
goat_enclosure_maintenance,1,other,unknown,0.211
goat_benefits,1,other,unknown,0.159
goal_setting_strategy,1,current_goal,single,0.636
goal,1,current_goal,single,0.618
gmat_study_recommendations,1,recommended,speech,0.403
giveaway_wins,1,other,unknown,0.236
git_command_recommendation,1,recommended,speech,0.222
gin_owned,1,owns,set,0.364
gin_brands_experimented,1,other,unknown,0.184
gifts_received,1,acquired,set,0.396
gift_theme,1,other,unknown,0.265
gift_tag_design,1,other,unknown,0.292
gift_subscription_interest,1,other,unknown,0.328
gift_spending,1,financial_activity,set,0.444
gift_site_recommendations,1,recommended,speech,0.345
gift_search_criteria,1,other,unknown,0.297
gift_recommendation,1,recommended,speech,0.377
gift_projects,1,other,unknown,0.275
gift_preference,1,prefers,single,0.468
gift_planned,1,acquired,set,0.367
gift_given,1,acquired,set,0.375
gift_decision,1,acquired,set,0.428
gift_customization,1,other,unknown,0.292
gift_card_recommendation,1,recommended,speech,0.327
gift_card_possession,1,acquired,set,0.533
getty_museum_apps,1,other,unknown,0.222
german_learning_resources,1,other,unknown,0.301
geometric_print_recommendations,1,recommended,speech,0.225
geology_fact,1,other,unknown,0.248
genealogy_services,1,other,unknown,0.339
gender_transition,1,changed_state,event,0.384
gear_owned,1,owns,set,0.629
gardening_workshop_attendance,1,attended,set,0.530
gardening_tracker,1,grows,set,0.413
gardening_tasks,1,grows,set,0.583
gardening_purchases,1,acquired,set,0.578
gardening_plans,1,planned_event,event,0.609
gardening_fertilization,1,grows,set,0.485
gardening_equipment,1,owns,set,0.545
gardening_books,1,grows,set,0.560
gardening_apps,1,grows,set,0.512
gardening_advice,1,recommended,speech,0.620
gardening_activity,1,grows,set,0.622
garden_recommendations,1,recommended,speech,0.570
garden_plant_recommendation,1,recommended,speech,0.565
garden_plans,1,planned_event,event,0.568
garden_bed,1,grows,set,0.445
gaming_time,1,other,unknown,0.229
gaming_routine,1,routine,single,0.484
gaming_preferences,1,prefers,single,0.481
gaming_partners,1,other,unknown,0.240
gaming_habits,1,routine,single,0.379
gaming_console,1,other,unknown,0.162
gaming_community_resources,1,other,unknown,0.230
gaming_chair,1,other,unknown,0.233
gaming_budget,1,financial_activity,set,0.291
gaming_achievements,1,other,unknown,0.316
games_to_play,1,other,unknown,0.311
games_to_buy,1,other,unknown,0.203
gameplay_improvement,1,other,unknown,0.214
game_title,1,other,unknown,0.256
game_state,1,other,unknown,0.322
game_role,1,works_as,single,0.365
game_races,1,other,unknown,0.202
game_purchase_plan,1,planned_event,event,0.263
game_purchase,1,acquired,set,0.381
game_protagonist_content,1,other,unknown,0.272
game_plot,1,other,unknown,0.194
game_ownership,1,owns,set,0.550
game_night_selection,1,other,unknown,0.216
game_mechanics,1,practises_hobby,set,0.362
game_mechanic_info,1,other,unknown,0.258
game_ideas,1,other,unknown,0.280
game_goal,1,current_goal,single,0.499
game_expansions,1,other,unknown,0.180
game_encounters,1,other,unknown,0.297
game_design,1,other,unknown,0.315
game_content,1,other,unknown,0.343
game_condition,1,other,unknown,0.211
game_bosses,1,other,unknown,0.318
game_attacks,1,other,unknown,0.166
game_activity,1,practises_hobby,set,0.531
game,1,other,unknown,0.270
gallery_wall_style,1,other,unknown,0.130
gallery_wall_layout,1,other,unknown,0.125
future_trips,1,visited,set,0.511
future_events,1,planned_event,event,0.711
future_academic_goal,1,current_goal,single,0.571
furniture_replacement,1,other,unknown,0.165
furniture_rearrangement,1,other,unknown,0.230
furniture_purchases,1,acquired,set,0.329
furniture_preference,1,prefers,single,0.422
furniture_location,1,other,unknown,0.284
furniture_layout,1,other,unknown,0.214
furniture_cost,1,other,unknown,0.100
furniture_color,1,other,unknown,0.139
furniture_budget,1,financial_activity,set,0.211
furniture_assembly,1,other,unknown,0.155
furniture_arrangement,1,other,unknown,0.275
fundraising_plans,1,planned_event,event,0.411
fundraiser_total,1,other,unknown,0.244
funding_request,1,other,unknown,0.329
funding_goals,1,current_goal,single,0.553
fuel_additives,1,other,unknown,0.155
frontend_experience,1,other,unknown,0.321
friend_status,1,knows_person,set,0.518
friend_skill_level,1,knows_person,set,0.462
friend_sarah_age,1,knows_person,set,0.408
friend_pregnancy,1,other,unknown,0.219
friend_possession,1,owns,set,0.596
friend_milestone,1,milestone,event,0.684
friend_location,1,lives_in,single,0.425
friend_life_events,1,knows_person,set,0.477
friend_interest,1,knows_person,set,0.428
friend_events,1,event_occurred,event,0.525
friend_engagement,1,knows_person,set,0.411
friend_car,1,drives,single,0.459
friend_birthday,1,milestone,event,0.431
friend_background,1,knows_person,set,0.470
fridge_inventory,1,other,unknown,0.232
frequented_locations,1,visited,set,0.442
frequented_coffee_shop,1,other,unknown,0.308
freezer_inventory,1,other,unknown,0.263
freelance_services,1,works_at,single,0.380
freelance_contract,1,other,unknown,0.321
frangipane_ratio,1,other,unknown,0.201
framing_preferences,1,other,unknown,0.346
fragrance_preference,1,prefers,single,0.501
found_items,1,other,unknown,0.316
forum_memberships,1,other,unknown,0.227
forgiveness_preference,1,other,unknown,0.325
footwear_purchases,1,acquired,set,0.281
footwear_purchase_date,1,other,unknown,0.271
footwear_purchase,1,acquired,set,0.239
footwear_needs,1,other,unknown,0.180
footwear_maintenance,1,other,unknown,0.195
footwear_location,1,other,unknown,0.188
food_tracking_website_recommendations,1,recommended,speech,0.343
food_tracking_recommendation,1,recommended,speech,0.392
food_tracking_app_recommendations,1,recommended,speech,0.391
food_tracking_app,1,ate_at,set,0.410
food_storage_brands,1,other,unknown,0.314
food_security_initiatives,1,ate_at,set,0.372
food_safety_standards,1,dietary_rule,single,0.520
food_safety_advice,1,recommended,speech,0.490
food_pairing_recommendation,1,recommended,speech,0.363
food_items,1,ate_at,set,0.458
food_interests,1,dietary_rule,single,0.398
food_insecurity_programs,1,dietary_rule,single,0.359
food_experience,1,ate_at,set,0.490
food_distribution_info,1,dietary_rule,single,0.416
food_dislikes,1,avoids,single,0.450
food_delivery_service,1,ate_at,set,0.412
food_consumed,1,ate_at,set,0.482
food_bank_location,1,ate_at,set,0.433
floss_storage,1,other,unknown,0.217
flooring_recommendation,1,recommended,speech,0.294
floor_mat_retailer,1,other,unknown,0.170
floor_mat_purchase,1,acquired,set,0.174
flight_tracking_app,1,other,unknown,0.260
flight_search_recommendations,1,recommended,speech,0.266
flight_schedule,1,routine,single,0.333
flight_route,1,other,unknown,0.299
flight_preferences,1,other,unknown,0.347
flight_preference,1,other,unknown,0.335
flight_class,1,other,unknown,0.302
flight_bookings,1,other,unknown,0.287
flight_booking,1,other,unknown,0.287
flea_treatment_recommendation,1,recommended,speech,0.262
flea_medication_recommendation,1,recommended,speech,0.266
flea_collar_recommendation,1,recommended,speech,0.296
fitness_tracking_tools,1,other,unknown,0.288
fitness_tracking_apps,1,other,unknown,0.282
fitness_trackers,1,other,unknown,0.246
fitness_tracker_usage,1,other,unknown,0.341
fitness_tracker_specs,1,other,unknown,0.195
fitness_tracker_requirements,1,other,unknown,0.226
fitness_tracker_recommendations,1,recommended,speech,0.339
fitness_tracker_recommendation,1,recommended,speech,0.324
fitness_tracker_feature,1,other,unknown,0.229
fitness_tracker_condition,1,health_status,single,0.370
fitness_tracker_battery,1,other,unknown,0.167
fitness_recommendations,1,recommended,speech,0.346
fitness_program,1,other,unknown,0.318
fitness_plan,1,planned_event,event,0.397
fitness_metrics,1,other,unknown,0.253
fitness_level,1,other,unknown,0.293
fitness_equipment,1,owns,set,0.335
fitness_classes_duration,1,other,unknown,0.297
fitness_capability,1,other,unknown,0.307
fitness_assessment,1,other,unknown,0.310
fitness_apps,1,other,unknown,0.293
fitness_activity_duration,1,routine,single,0.354
fitness_activities,1,practises_hobby,set,0.508
fitness_achievements,1,other,unknown,0.345
fishing_tournament_plans,1,planned_event,event,0.281
fishing_gear_recommendation,1,recommended,speech,0.259
fishing_gear_owned,1,owns,set,0.524
fishing_experience,1,other,unknown,0.324
fishing_companions,1,other,unknown,0.307
fishing_activity,1,practises_hobby,set,0.354
fishing_achievements,1,other,unknown,0.293
fish_tank_size,1,other,unknown,0.272
fish_tank_plants,1,grows,set,0.391
fish_tank_inhabitants,1,other,unknown,0.319
fish_health,1,other,unknown,0.330
fish_food_brands,1,other,unknown,0.282
first_name,1,other,unknown,0.243
financial_transactions,1,financial_activity,set,0.558
financial_planning_goal,1,current_goal,single,0.600
financial_penalty,1,financial_activity,set,0.408
financial_news_sources,1,financial_activity,set,0.412
financial_advice,1,recommended,speech,0.573
films_watched,1,watched,set,0.754
film_techniques,1,watched,set,0.363
film_stock_recommendation,1,recommended,speech,0.432
film_stock,1,watched,set,0.378
film_interests,1,watched,set,0.436
film_festivals_attended,1,attended,set,0.499
film_festival_research,1,watched,set,0.389
film_experience,1,watched,set,0.427
film_crew,1,watched,set,0.415
filing_fees,1,other,unknown,0.263
file_transfer_services,1,other,unknown,0.311
file_organization,1,other,unknown,0.209
file_backup_frequency,1,other,unknown,0.134
figurine_display_case,1,other,unknown,0.113
field_of_study,1,studies,single,0.760
fetch_rewards_points,1,other,unknown,0.182
festivals_attended,1,attended,set,0.595
festival_performance,1,attended,set,0.452
fertility_plans,1,planned_event,event,0.285
fencing_options,1,other,unknown,0.206
fence_recommendation,1,recommended,speech,0.312
fellow_integrations,1,other,unknown,0.212
fellow_enterprise_features,1,other,unknown,0.263
feeding_transition_recommendation,1,recommended,speech,0.368
feeding_recommendation,1,recommended,speech,0.415
favorite_yoga_pose,1,other,unknown,0.267
favorite_taylor_swift_album,1,other,unknown,0.199
favorite_stores,1,other,unknown,0.290
favorite_shows,1,watched,set,0.448
favorite_ramen_shop,1,other,unknown,0.218
favorite_poets,1,other,unknown,0.237
favorite_podcasts,1,listened_to,set,0.465
favorite_player,1,other,unknown,0.303
favorite_music,1,listened_to,set,0.426
favorite_food,1,prefers,single,0.403
favorite_film,1,other,unknown,0.321
favorite_essential_oil,1,other,unknown,0.296
favorite_comics,1,other,unknown,0.216
favorite_clothing,1,other,unknown,0.344
favorite_breakfast,1,routine,single,0.367
favorite_bands,1,other,unknown,0.283
favorite_artist,1,other,unknown,0.308
father_name,1,other,unknown,0.271
father_employment,1,works_at,single,0.411
father_death,1,other,unknown,0.228
father_career,1,works_as,single,0.404
father_background,1,other,unknown,0.292
father_age,1,other,unknown,0.242
fashion_recommendation,1,recommended,speech,0.369
fashion_interest,1,practises_hobby,set,0.363
fashion_brand_recommendations,1,recommended,speech,0.302
farm_projects,1,grows,set,0.368
farm_maintenance,1,other,unknown,0.318
farm_goals,1,current_goal,single,0.430
farm_events,1,event_occurred,event,0.404
fantasy_basketball_guards,1,other,unknown,0.262
fantasy_basketball_forwards,1,other,unknown,0.194
fantasy_basketball_centers,1,other,unknown,0.232
fantasy_baseball_rank,1,other,unknown,0.238
family_visits,1,visited,set,0.468
family_trip,1,visited,set,0.458
family_tradition,1,other,unknown,0.344
family_size,1,team_size,single,0.398
family_roles,1,relationship_status,single,0.487
family_relations,1,relationship_status,single,0.626
family_recipes,1,cooked,set,0.405
family_possessions,1,owns,set,0.648
family_planning,1,planned_event,event,0.459
family_milestone,1,milestone,event,0.740
family_member_activity,1,relationship_status,single,0.420
family_interests,1,relationship_status,single,0.417
family_info,1,relationship_status,single,0.442
family_health_event,1,event_occurred,event,0.402
family_health,1,health_status,single,0.414
family_dinners,1,ate_at,set,0.388
family_dietary_needs,1,dietary_rule,single,0.479
family_composition,1,relationship_status,single,0.374
family_archive_plans,1,planned_event,event,0.308
facebook_ad_campaign,1,other,unknown,0.292
facebook_activity,1,other,unknown,0.337
face_shape,1,other,unknown,0.193
face_mask_recommendations,1,recommended,speech,0.260
fabric_search,1,other,unknown,0.155
eyeshadow_palettes,1,other,unknown,0.145
eyeshadow_palette,1,other,unknown,0.143
eye_exercises,1,other,unknown,0.217
eye_exercise_frequency,1,other,unknown,0.339
extract_potency,1,other,unknown,0.163
external_storage,1,other,unknown,0.237
external_hard_drive_recommendations,1,recommended,speech,0.283
external_hard_drive_purchase_location,1,other,unknown,0.293
external_hard_drive_origin,1,other,unknown,0.235
experience,1,other,unknown,0.270
expense_tracking_tool,1,uses_tool,single,0.381
expense_tracking_fields,1,financial_activity,set,0.362
expense_tracking_app,1,financial_activity,set,0.352
exoskeleton_systems,1,other,unknown,0.150
exoskeleton_signaling,1,other,unknown,0.123
exoskeleton_sensors_and_lighting,1,other,unknown,0.090
exoskeleton_features,1,other,unknown,0.161
exhibits_visited,1,visited,set,0.564
exhibits_attended,1,attended,set,0.641
exhibition_name,1,attended,set,0.418
exhibition_details,1,attended,set,0.458
exhaust_recommendations,1,recommended,speech,0.263
exfoliant_recommendations,1,recommended,speech,0.390
exercise_status,1,health_status,single,0.508
exercise_log,1,other,unknown,0.248
exercise_interests,1,practises_hobby,set,0.549
exercise_habit,1,routine,single,0.581
exercise_goals,1,current_goal,single,0.566
exercise_goal,1,current_goal,single,0.572
exercise_frequency,1,routine,single,0.441
exercise_consistency,1,routine,single,0.374
exercise_activity,1,practises_hobby,set,0.501
exam_preparation,1,studies,single,0.418
events_booked,1,planned_event,event,0.575
event_schedule,1,routine,single,0.660
event_registration_cost,1,other,unknown,0.293
event_preparation,1,planned_event,event,0.524
event_planning_tasks,1,planned_event,event,0.628
event_participation,1,attended,set,0.579
event_logistics,1,planned_event,event,0.507
event_hosting,1,planned_event,event,0.487
event_dates,1,event_occurred,event,0.712
event,1,event_occurred,event,0.624
evening_tea_plan,1,planned_event,event,0.338
evening_activity,1,routine,single,0.467
ethiopian_coffee_snacks,1,other,unknown,0.246
ethiopian_coffee_ceremony,1,other,unknown,0.311
ethiopian_coffee_bean_recommendation,1,recommended,speech,0.302
essential_oil_usage,1,other,unknown,0.195
essential_oil_recommendation,1,recommended,speech,0.379
esl_teacher,1,other,unknown,0.271
esl_classes,1,other,unknown,0.266
equipment_recommendation,1,recommended,speech,0.370
equipment_owned,1,owns,set,0.631
equipment,1,owns,set,0.414
entrepreneurship_podcasts,1,listened_to,set,0.446
entrepreneurship_courses,1,other,unknown,0.315
entrepreneurship_communities,1,other,unknown,0.249
entrepreneurship_books,1,other,unknown,0.299
engraving_details,1,other,unknown,0.264
english_teacher,1,other,unknown,0.340
english_program,1,other,unknown,0.242
english_level,1,other,unknown,0.297
engagement_ring,1,other,unknown,0.294
engagement_metrics_focus,1,current_goal,single,0.413
engagement,1,relationship_status,single,0.404
energy_source,1,other,unknown,0.289
energy_routine,1,routine,single,0.498
energy_levels,1,other,unknown,0.159
energy_chew_brand,1,other,unknown,0.194
energy_bar_recommendations,1,recommended,speech,0.267
employment_start,1,works_at,single,0.429
employer,1,works_at,single,0.645
emma_profile,1,other,unknown,0.231
email_address,1,other,unknown,0.224
elsie_interests,1,other,unknown,0.202
elsie_gpa,1,other,unknown,0.176
elsie_education,1,other,unknown,0.245
element_naming_criteria,1,other,unknown,0.176
electronics_purchases,1,acquired,set,0.385
electronics_purchase,1,acquired,set,0.336
ego_vehicle_name,1,drives,single,0.465
educational_content_watched,1,watched,set,0.515
educational_content_consumed,1,studies,single,0.399
educational_activity,1,studies,single,0.502
education_recommendation,1,recommended,speech,0.465
education_progress,1,other,unknown,0.344
education_program,1,studies,single,0.359
education_plans,1,planned_event,event,0.378
education_milestone,1,milestone,event,0.682
education_application,1,studies,single,0.361
edm_festivals,1,attended,set,0.433
economic_programs,1,financial_activity,set,0.410
ecommerce_platform,1,other,unknown,0.297
ecommerce_plan,1,planned_event,event,0.262
ecology_fact,1,other,unknown,0.297
eco_trash_bag_retailers,1,other,unknown,0.216
eco_trash_bag_brands,1,other,unknown,0.259
eco_laundry_detergent_brands,1,other,unknown,0.202
eco_friendly_shopping_sources,1,other,unknown,0.240
eco_cleaning_products,1,other,unknown,0.207
eco_cleaning_brands,1,other,unknown,0.213
ebook_project,1,read,set,0.410
earbud_specs,1,other,unknown,0.177
dvd_collection,1,owns,set,0.366
durres_program_participation,1,other,unknown,0.286
durres_environmental_issue,1,other,unknown,0.178
dry_cleaning_history,1,event_occurred,event,0.228
drumsticks,1,other,unknown,0.223
drum_books,1,other,unknown,0.271
driving_school_recommendation,1,recommended,speech,0.334
drivers_license_update_date,1,other,unknown,0.251
dried_fruit_leather_brand,1,other,unknown,0.207
dresser_materials,1,other,unknown,0.291
dresser_hardware,1,other,unknown,0.252
dress_silhouette_recommendation,1,recommended,speech,0.276
dress_shoes,1,other,unknown,0.195
drag_race_personal_best,1,other,unknown,0.244
dr_minkoff_profile,1,other,unknown,0.195
dr_minkoff_business,1,other,unknown,0.171
dr_minkoff_achievements,1,other,unknown,0.216
dotonbori_restaurants,1,ate_at,set,0.393
door_puzzle_components,1,other,unknown,0.170
donor_segmentation_advice,1,recommended,speech,0.161
donor_outreach_strategy,1,other,unknown,0.232
donations,1,other,unknown,0.312
donation_plans,1,planned_event,event,0.343
domain_name,1,other,unknown,0.224
doll_collection_size,1,other,unknown,0.272
dog_walker,1,owns_pet,single,0.387
dog_treat_recommendation,1,recommended,speech,0.359
dog_training,1,other,unknown,0.281
dog_toy_recommendation,1,recommended,speech,0.389
documentation_generator,1,other,unknown,0.309
documentary_viewing_habit,1,routine,single,0.586
documentary_platform,1,other,unknown,0.304
documentary_availability,1,watched,set,0.426
do_not_disturb_schedule,1,routine,single,0.321
dnd_tips_source,1,other,unknown,0.235
dnd_party,1,other,unknown,0.253
dnd_character_stats,1,other,unknown,0.215
dnd_character_ability,1,other,unknown,0.167
dnd_character,1,other,unknown,0.161
dnd_campaign,1,other,unknown,0.207
diy_projects,1,other,unknown,0.305
diy_project,1,other,unknown,0.278
diving_spots,1,other,unknown,0.176
distraction_blocker_recommendation,1,recommended,speech,0.365
disposals,1,other,unknown,0.286
display_location,1,lives_in,single,0.383
display_case_security,1,other,unknown,0.158
display_case_retailers,1,other,unknown,0.215
display_case_features,1,other,unknown,0.162
display_case,1,other,unknown,0.143
disneyland_recommendations,1,recommended,speech,0.296
disliked_foods,1,avoids,single,0.435
discussion_tools,1,uses_tool,single,0.465
discounts,1,other,unknown,0.241
discount_codes,1,other,unknown,0.179
director_bankruptcy_status,1,other,unknown,0.224
diorama_projects,1,other,unknown,0.248
dinner_time_allotment,1,ate_at,set,0.404
dinner_schedule,1,routine,single,0.446
dinner_recommendations,1,recommended,speech,0.383
dinner_recommendation,1,recommended,speech,0.392
dinner_party_seating,1,other,unknown,0.343
dinner_party_plans,1,planned_event,event,0.377
dinner_party_outfit,1,other,unknown,0.262
dinner_party_music,1,other,unknown,0.277
dinner_party_icebreaker,1,other,unknown,0.242
dinner_party_guests,1,other,unknown,0.321
dinner_party_activities,1,other,unknown,0.327
dining_table,1,ate_at,set,0.437
dining_room_light_bulb,1,other,unknown,0.181
dining_room_light,1,other,unknown,0.240
dining_room_lamp_retailers,1,other,unknown,0.254
dining_reservations,1,ate_at,set,0.527
dining_recommendations,1,recommended,speech,0.490
dining_preferences,1,ate_at,set,0.523
dining_interest,1,ate_at,set,0.454
dining_habits,1,ate_at,set,0.533
dining_choice,1,ate_at,set,0.552
dining_budget,1,financial_activity,set,0.381
dining_atmosphere_preference,1,ate_at,set,0.419
digital_whiteboarding_recommendations,1,recommended,speech,0.215
digital_piano_interest,1,other,unknown,0.293
digital_organization,1,works_at,single,0.388
digital_habits,1,other,unknown,0.325
digital_detox_activities,1,other,unknown,0.286
digital_assets,1,owns,set,0.407
dietary_routine,1,routine,single,0.496
dietary_restrictions,1,dietary_rule,single,0.694
dietary_experiment,1,dietary_rule,single,0.505
dietary_dabbling,1,dietary_rule,single,0.414
dietary_advice,1,recommended,speech,0.533
diet_tracking_app,1,dietary_rule,single,0.367
diet_plan,1,planned_event,event,0.424
diagnosis_date,1,health_status,single,0.367
devotional_reading,1,read,set,0.537
device_status,1,health_status,single,0.389
device_settings,1,other,unknown,0.200
device_features,1,other,unknown,0.308
dev_stack,1,other,unknown,0.252
dessert_recommendations,1,recommended,speech,0.361
desktop_replacement_plan,1,planned_event,event,0.177
desktop_environment_recommendation,1,recommended,speech,0.303
desk_accessories,1,other,unknown,0.259
design_tools,1,uses_tool,single,0.545
design_software,1,uses_tool,single,0.372
design_projects,1,other,unknown,0.272
design_project,1,other,unknown,0.259
design_palette,1,other,unknown,0.167
dermelect_target_influencers,1,other,unknown,0.282
dermelect_suggested_influencers,1,recommended,speech,0.410
dermelect_influencer_preference,1,prefers,single,0.458
dermelect_compensation_methods,1,other,unknown,0.077
dermelect_bonus_structure,1,other,unknown,0.129
deployment_tools,1,uses_tool,single,0.523
deployment_plan,1,planned_event,event,0.251
departure_time,1,other,unknown,0.333
deodorant_recommendations,1,recommended,speech,0.314
demographics_ewell,1,other,unknown,0.266
delivery_schedule,1,routine,single,0.366
delft_cafe_restaurant,1,ate_at,set,0.391
delft_attraction,1,other,unknown,0.174
decorating_plan,1,planned_event,event,0.315
decorating_budget,1,financial_activity,set,0.405
decor_search,1,other,unknown,0.157
decor_recommendations,1,recommended,speech,0.376
decor_project,1,other,unknown,0.234
decor_plants,1,grows,set,0.509
decor_advice,1,recommended,speech,0.262
decluttering_activities,1,other,unknown,0.290
debt_status,1,other,unknown,0.337
deadlift_technique,1,other,unknown,0.201
dca_tools,1,uses_tool,single,0.413
day_trip_schedule,1,routine,single,0.323
daw_software,1,uses_tool,single,0.356
daughter_interests,1,other,unknown,0.232
dating_status,1,relationship_status,single,0.578
datasets,1,other,unknown,0.214
dataset_schema,1,other,unknown,0.185
dataset_analysis,1,other,unknown,0.222
dataset,1,other,unknown,0.206
database,1,other,unknown,0.225
data_visualization_tool,1,uses_tool,single,0.372
data_visualization_recommendation,1,recommended,speech,0.356
data_transformation_task,1,other,unknown,0.279
data_structures_courses,1,other,unknown,0.345
data_sources,1,other,unknown,0.279
data_science_resource_recommendation,1,recommended,speech,0.389
data_schema,1,other,unknown,0.204
data_project,1,other,unknown,0.263
data_logger,1,other,unknown,0.246
data_format,1,other,unknown,0.144
data_fields,1,other,unknown,0.162
data_backup_plan,1,planned_event,event,0.172
data_analysis_courses,1,studies,single,0.378
dapp_project,1,other,unknown,0.287
dance_workshops_attended,1,attended,set,0.416
dance_tutorials_source,1,other,unknown,0.159
dance_skills,1,other,unknown,0.318
dance_recommendation,1,recommended,speech,0.297
dance_partners,1,other,unknown,0.291
dance_partner,1,other,unknown,0.304
dance_learning,1,other,unknown,0.313
dance_experience,1,other,unknown,0.267
dance_events,1,event_occurred,event,0.387
dance_club_plans,1,planned_event,event,0.338
dance_club_instructors,1,other,unknown,0.245
daily_water_intake,1,other,unknown,0.281
daily_steps,1,routine,single,0.479
daily_step_goal,1,current_goal,single,0.512
daily_step_count,1,routine,single,0.355
daily_schedule_goals,1,current_goal,single,0.528
daily_savings,1,financial_activity,set,0.499
daily_practices,1,routine,single,0.484
daily_plans,1,planned_event,event,0.562
daily_essentials_bag,1,other,unknown,0.262
daily_cooking_time,1,cooked,set,0.461
daily_available_hours,1,routine,single,0.388
cyprus_governance_laws,1,other,unknown,0.214
cyprus_governance_institutions,1,other,unknown,0.174
cycling_trail_recommendations,1,recommended,speech,0.302
cycling_playlist_recommendation,1,recommended,speech,0.388
cycling_plans,1,planned_event,event,0.362
cycling_paths,1,visited,set,0.382
cycling_history,1,event_occurred,event,0.302
cycling_energy_gel,1,other,unknown,0.179
cycling_energy_chew,1,other,unknown,0.257
cycling_energy_bar,1,other,unknown,0.203
cycling_computer,1,other,unknown,0.254
cycling_cereal_bar,1,other,unknown,0.231
customer_service_training_topics,1,other,unknown,0.347
customer_service_software,1,used_service,set,0.490
customer_acquisition_cost,1,acquired,set,0.416
custom_phone_case_recommendations,1,recommended,speech,0.194
custom_mug_recommendations,1,recommended,speech,0.292
custom_mug_provider,1,other,unknown,0.235
custom_math_rule,1,other,unknown,0.293
currently_watching,1,watched,set,0.532
current_tv_show,1,watched,set,0.408
current_topic,1,current_goal,single,0.359
current_tasks,1,current_goal,single,0.500
current_series,1,other,unknown,0.217
current_painting,1,other,unknown,0.225
current_model_project,1,current_goal,single,0.370
current_employer,1,works_at,single,0.541
current_education,1,studies,single,0.386
current_book,1,read,set,0.420
current_bag,1,other,unknown,0.282
current_audiobook,1,other,unknown,0.315
current_activities,1,practises_hobby,set,0.483
current_accommodation,1,lives_in,single,0.397
cultural_recommendation,1,recommended,speech,0.427
cultural_interest,1,other,unknown,0.349
cultural_heritage,1,other,unknown,0.326
cultural_background,1,other,unknown,0.310
csa_subscription,1,used_service,set,0.420
cryo_status,1,other,unknown,0.282
cruise_spa_treatments,1,other,unknown,0.188
cruise_itinerary,1,visited,set,0.436
crochet_schedule,1,routine,single,0.303
crochet_project,1,other,unknown,0.192
credit_status,1,other,unknown,0.345
credit_score,1,other,unknown,0.130
credit_cards,1,other,unknown,0.304
credit_card_recommendations,1,recommended,speech,0.309
credit_card,1,other,unknown,0.331
creativity_formula,1,other,unknown,0.186
creative_writing_study,1,other,unknown,0.348
creative_projects,1,other,unknown,0.333
creative_framework,1,other,unknown,0.306
creamer_flavors,1,other,unknown,0.220
cream_mask_recommendations,1,recommended,speech,0.265
crafting_binge_duration,1,other,unknown,0.210
craft_supplies,1,other,unknown,0.328
craft_projects_completed,1,completed,set,0.593
craft_fair_sales,1,other,unknown,0.230
coworker_name,1,knows_person,set,0.423
coworker,1,knows_person,set,0.478
cousins,1,other,unknown,0.344
coursework,1,studies,single,0.459
courses_developed,1,studies,single,0.479
course_work,1,completed,set,0.401
course_timeline,1,completed,set,0.384
course_recommendations,1,recommended,speech,0.410
course_outline,1,studies,single,0.440
course_interest,1,studies,single,0.426
course_instructor,1,studies,single,0.387
course_goal,1,current_goal,single,0.539
course_enrollment,1,studies,single,0.390
course_details,1,studies,single,0.423
course_design,1,studies,single,0.456
coupons_received,1,other,unknown,0.228
couple,1,relationship_status,single,0.387
council_definition,1,other,unknown,0.197
council_acronym,1,other,unknown,0.224
cottage_food_law,1,dietary_rule,single,0.393
costa_rica_birdwatching_guides,1,other,unknown,0.243
cosmos_varieties,1,other,unknown,0.154
corporate_goals,1,current_goal,single,0.581
corporate_evaluation_recommendation,1,recommended,speech,0.397
copenhagen_carbon_neutrality_target,1,other,unknown,0.153
cooking_recommendations,1,recommended,speech,0.550
cooking_projects,1,cooked,set,0.566
cooking_preferences,1,cooked,set,0.541
cooking_interests,1,cooked,set,0.526
cooking_interest,1,cooked,set,0.495
cooking_habits,1,cooked,set,0.535
cooking_guide,1,cooked,set,0.558
cooking_goals,1,current_goal,single,0.533
cooking_goal,1,current_goal,single,0.511
cooking_classes_taken,1,cooked,set,0.475
cooking_activity,1,cooked,set,0.621
cooking_achievements,1,cooked,set,0.483
cooking_achievement,1,cooked,set,0.530
cookbook_recommendations,1,recommended,speech,0.437
content_moderation,1,other,unknown,0.222
content_management_goal,1,current_goal,single,0.382
content_calendar_tool,1,other,unknown,0.331
content_calendar_template,1,other,unknown,0.313
content_calendar_strategy,1,planned_event,event,0.456
content_calendar_metrics,1,other,unknown,0.302
contact_info,1,other,unknown,0.255
construction_project,1,other,unknown,0.320
construction_plans,1,planned_event,event,0.357
console_upgrade_interest,1,other,unknown,0.242
conservation_habits,1,grows,set,0.405
conservation_charities,1,other,unknown,0.278
connected_devices,1,other,unknown,0.227
conflict_management_strategies,1,other,unknown,0.316
conferences_attended,1,attended,set,0.710
conference_theme,1,attended,set,0.386
conductor_roles,1,other,unknown,0.217
conductor_responsibilities,1,other,unknown,0.246
conductor_preparation,1,other,unknown,0.130
conductor_performance_techniques,1,other,unknown,0.092
conductor_management_skills,1,other,unknown,0.287
conductor_collaborations,1,other,unknown,0.156
conditioning_instructions,1,other,unknown,0.229
concert_seating,1,attended,set,0.366
concert_recommendation,1,recommended,speech,0.362
concert_plans,1,planned_event,event,0.457
concert_openers,1,other,unknown,0.281
concert_interest,1,listened_to,set,0.386
concert_history,1,event_occurred,event,0.366
concert_goals,1,current_goal,single,0.456
concert_companion,1,attended,set,0.350
concert_attended,1,attended,set,0.562
computer_upgrades,1,other,unknown,0.203
computer_mouse,1,other,unknown,0.226
computer_hardware,1,other,unknown,0.186
compressed_air_recommendation,1,recommended,speech,0.290
completed_projects,1,completed,set,0.682
completed_courses,1,completed,set,0.612
company_social_metrics,1,team_size,single,0.406
company_projects,1,works_at,single,0.420
company_news,1,other,unknown,0.302
company_leadership_positions,1,works_at,single,0.420
company_events,1,planned_event,event,0.507
commute_walking_time,1,other,unknown,0.331
commute_transport,1,drives,single,0.358
commute_strategy,1,other,unknown,0.275
commute_schedule,1,routine,single,0.301
commute_playlist,1,other,unknown,0.278
commute_plan,1,planned_event,event,0.253
commute_monthly_cost,1,other,unknown,0.167
commute_habits,1,routine,single,0.420
commute_experiment,1,other,unknown,0.270
commute_experience,1,other,unknown,0.279
commute_departure_time,1,other,unknown,0.262
commute_costs,1,other,unknown,0.209
commute_cost,1,other,unknown,0.180
commute_bus,1,other,unknown,0.321
commute_bag_budget,1,financial_activity,set,0.187
commute_bag,1,other,unknown,0.254
commute_activity_recommendation,1,recommended,speech,0.310
commute,1,drives,single,0.355
community_project,1,other,unknown,0.278
community_page_platforms,1,other,unknown,0.174
community_involvement,1,other,unknown,0.317
community_goals,1,current_goal,single,0.555
community_garden_plans,1,planned_event,event,0.501
community_garden_crops,1,grows,set,0.533
communication_tools,1,uses_tool,single,0.491
communication_preference,1,prefers,single,0.477
communication_habits,1,other,unknown,0.306
communication_frequency,1,other,unknown,0.197
commission_plans,1,planned_event,event,0.310
comic_books,1,other,unknown,0.348
comedy_experience,1,other,unknown,0.286
comedy_content,1,other,unknown,0.292
college_recommendation,1,recommended,speech,0.384
collection_tracking_tool,1,other,unknown,0.343
collection_progress,1,completed,set,0.359
collectible_manufacturer,1,owns,set,0.459
colleague_events,1,event_occurred,event,0.529
collaborations,1,other,unknown,0.314
collaboration_target,1,current_goal,single,0.431
collaboration_plans,1,planned_event,event,0.415
collaboration_incentives,1,other,unknown,0.341
cold_brew_method,1,other,unknown,0.156
coin_display_case,1,other,unknown,0.156
coin_display_brands,1,other,unknown,0.225
coin_collection_size,1,other,unknown,0.271
coin_collecting_publication,1,other,unknown,0.305
coin_auction_house,1,other,unknown,0.261
coilover_recommendations,1,recommended,speech,0.269
coilover_recommendation,1,recommended,speech,0.286
cognitive_health_recommendations,1,recommended,speech,0.360
coffee_table_search,1,other,unknown,0.252
coffee_table_retailers,1,other,unknown,0.332
coffee_table_items,1,other,unknown,0.311
coffee_table_ideal_width,1,other,unknown,0.208
coffee_table_ideal_length,1,other,unknown,0.215
coffee_table_ideal_height,1,other,unknown,0.180
coffee_table_features,1,other,unknown,0.209
coffee_subscription_services,1,used_service,set,0.502
coffee_subscription,1,other,unknown,0.335
coffee_shops_visited,1,visited,set,0.406
coffee_shop_search,1,other,unknown,0.262
coffee_shop_recommendations,1,recommended,speech,0.332
coffee_recommendation,1,recommended,speech,0.359
coffee_preferences,1,prefers,single,0.366
coffee_pods,1,other,unknown,0.214
coffee_mug_sources,1,other,unknown,0.173
coffee_mug_brands,1,other,unknown,0.207
coffee_mug_brand,1,other,unknown,0.229
coffee_mug,1,other,unknown,0.187
coffee_method,1,other,unknown,0.225
coffee_maker_recommendations,1,recommended,speech,0.298
coffee_limit,1,other,unknown,0.231
coffee_habits,1,routine,single,0.433
coffee_grinder_recommendations,1,recommended,speech,0.266
coffee_filters,1,other,unknown,0.192
coffee_creamer,1,other,unknown,0.235
coffee_consumption_goal,1,current_goal,single,0.341
coffee_brewing_ratio,1,other,unknown,0.220
coffee_brewing_method,1,other,unknown,0.144
coffee_blend_duration,1,other,unknown,0.104
coding_project,1,other,unknown,0.242
coding_progress_tools,1,uses_tool,single,0.373
coding_practice_platforms,1,other,unknown,0.319
coding_methodology,1,other,unknown,0.166
coconut_milk_brands,1,other,unknown,0.145
cocktail_serving,1,other,unknown,0.292
cocktail_recommendations,1,recommended,speech,0.329
cocktail_recipes,1,other,unknown,0.339
cocktail_preference,1,prefers,single,0.375
cocktail_interest,1,other,unknown,0.267
cocktail_experiments,1,other,unknown,0.221
coaching_niche,1,other,unknown,0.297
cloud_storage_recommendations,1,recommended,speech,0.259
cloud_backup_recommendations,1,recommended,speech,0.303
clothing_worn,1,other,unknown,0.332
clothing_usage,1,owns,set,0.359
clothing_styles,1,other,unknown,0.313
clothing_style_preference,1,prefers,single,0.422
clothing_style,1,other,unknown,0.321
clothing_retailers,1,other,unknown,0.295
clothing_rental_recommendations,1,recommended,speech,0.253
clothing_maintenance,1,other,unknown,0.277
clothing_item,1,owns,set,0.420
clothing_inventory_composition,1,owns,set,0.405
clothing_inventory,1,owns,set,0.440
clothing_details,1,owns,set,0.434
clothing_alterations,1,other,unknown,0.208
closing_timeline,1,event_occurred,event,0.361
closing_cost_credit,1,other,unknown,0.172
closet_status,1,other,unknown,0.338
closet_policy,1,other,unknown,0.281
closet_organization_date,1,other,unknown,0.292
closet_inventory,1,owns,set,0.392
closet_goal,1,current_goal,single,0.488
client_software_testing,1,other,unknown,0.289
client_company_structure,1,works_at,single,0.361
cleaning_station,1,other,unknown,0.208
cleaning_schedule,1,routine,single,0.348
cleaning_routine_tools,1,uses_tool,single,0.430
cleaning_routine_duration,1,routine,single,0.360
cleaning_product_recommendation,1,recommended,speech,0.391
cleaning_plans,1,planned_event,event,0.287
cleaning_instructions,1,other,unknown,0.205
cleaning_app_search,1,other,unknown,0.159
cleaning_activity,1,practises_hobby,set,0.367
clay_mask_recommendations,1,recommended,speech,0.231
class_schedule,1,routine,single,0.370
class_enrollment,1,attended,set,0.388
city_infrastructure,1,other,unknown,0.300
city_guide_recommendations,1,recommended,speech,0.409
citizenship_status,1,other,unknown,0.349
cinematography_example,1,watched,set,0.372
ci_cd_tool,1,other,unknown,0.315
church_activities,1,practises_hobby,set,0.357
christina_hyde_employment,1,other,unknown,0.322
chores,1,other,unknown,0.325
children_origin,1,other,unknown,0.181
children_ages,1,other,unknown,0.160
childcare_history,1,event_occurred,event,0.278
child_interests,1,other,unknown,0.307
child_gender_identity,1,other,unknown,0.313
chicken_parmesan_ratio,1,other,unknown,0.212
chicken_parmesan_ingredients,1,other,unknown,0.216
chicken_feed_cost,1,other,unknown,0.198
chicken_coop_status,1,other,unknown,0.223
chicago_restaurants,1,ate_at,set,0.448
chicago_restaurant_recommendation,1,recommended,speech,0.389
chicago_neapolitan_recommendation,1,recommended,speech,0.299
chicago_italian_restaurant_recommendations,1,recommended,speech,0.356
chicago_deep_dish_recommendation,1,recommended,speech,0.314
chicago_attractions,1,other,unknown,0.305
chicago_accommodations,1,other,unknown,0.294
chia_seed_pudding_recipe,1,other,unknown,0.204
chess_title,1,other,unknown,0.255
cheryl_status,1,other,unknown,0.328
chemistry_problem_solution,1,other,unknown,0.124
chemistry_problem,1,other,unknown,0.103
charity_walks_participated,1,other,unknown,0.341
charity_walks,1,other,unknown,0.253
charity_plans,1,planned_event,event,0.353
charity_involvement,1,other,unknown,0.321
charity_gala_win,1,other,unknown,0.271
charity_funds_raised,1,other,unknown,0.307
charity_events_completed,1,attended,set,0.396
charity_events_attended,1,attended,set,0.536
charity_event_preferences,1,other,unknown,0.347
charity_event_planning,1,planned_event,event,0.517
charity_event_attendance,1,attended,set,0.512
charity_donations_raised,1,other,unknown,0.233
charging_pad,1,other,unknown,0.171
charging_accessories,1,other,unknown,0.238
character_background,1,other,unknown,0.172
character_alias,1,other,unknown,0.212
challenge_participation,1,other,unknown,0.317
chakra_status,1,other,unknown,0.325
certifications_registered,1,other,unknown,0.199
certifications_achieved,1,other,unknown,0.305
ceo_name,1,other,unknown,0.279
ceo_crave_asia,1,other,unknown,0.210
cause_interests,1,financial_activity,set,0.371
causal_inference_code,1,other,unknown,0.257
causal_graph_code,1,other,unknown,0.235
cat_toy,1,owns_pet,single,0.427
cashback_rewards,1,other,unknown,0.195
cashback_apps,1,other,unknown,0.258
cashback_activity,1,other,unknown,0.331
carpool_arrangement,1,drives,single,0.359
caregiving_tasks,1,other,unknown,0.286
caregiving_coordination_app,1,other,unknown,0.283
career_values,1,works_as,single,0.434
career_transition_recommendation,1,recommended,speech,0.325
career_start,1,works_as,single,0.360
career_milestones,1,milestone,event,0.718
career_goal,1,current_goal,single,0.614
career_events,1,planned_event,event,0.528
career_duration,1,other,unknown,0.318
career_development,1,studies,single,0.440
cardio_recommendations,1,recommended,speech,0.278
card_game_name,1,other,unknown,0.162
carbon_footprint_reduction_methods,1,other,unknown,0.193
car_repair_plans,1,planned_event,event,0.262
car_registration,1,drives,single,0.408
car_purchase_intent,1,drives,single,0.375
car_parts_purchased,1,drives,single,0.355
car_ownership_duration,1,drives,single,0.541
car_model,1,drives,single,0.408
car_maintenance_tracking,1,other,unknown,0.268
car_loan,1,other,unknown,0.285
car_license_plate,1,drives,single,0.374
car_insurance_provider,1,other,unknown,0.344
car_insurance_premium,1,other,unknown,0.256
car_horsepower,1,other,unknown,0.330
car_fuel_efficiency,1,other,unknown,0.245
car_fuel,1,other,unknown,0.229
car_description,1,drives,single,0.499
car_damage,1,drives,single,0.371
car_charger,1,other,unknown,0.251
car_budget,1,financial_activity,set,0.352
car_accessory,1,drives,single,0.374
capture_card_recommendations,1,recommended,speech,0.333
candle_scent,1,other,unknown,0.166
candle_recommendations,1,recommended,speech,0.256
canan_arin_role,1,other,unknown,0.192
camping_trip,1,other,unknown,0.344
camping_history,1,event_occurred,event,0.298
camping_gear,1,owns,set,0.324
camping_essentials,1,other,unknown,0.241
campers,1,other,unknown,0.176
cameras_owned,1,owns,set,0.471
camera_wishlist,1,other,unknown,0.233
camera_upgrade_goal,1,current_goal,single,0.292
camera_strap_brands,1,other,unknown,0.255
camera_purchase_location,1,other,unknown,0.284
camera_purchase_details,1,other,unknown,0.330
camera_preference,1,prefers,single,0.359
camera_ownership,1,owns,set,0.548
camera_interest,1,watched,set,0.378
camera_gear_owned,1,owns,set,0.584
camera_gear_interest,1,practises_hobby,set,0.380
camera_body_upgrade_consideration,1,other,unknown,0.142
camera_bag_consideration,1,other,unknown,0.257
camera_backpack,1,other,unknown,0.231
camera,1,other,unknown,0.310
cambridge_undergraduate_programs,1,other,unknown,0.307
cambridge_postgraduate_programs,1,studies,single,0.355
caffeine_limit,1,other,unknown,0.243
caffeine_intake,1,other,unknown,0.231
cable_management_budget,1,financial_activity,set,0.254
business_type,1,other,unknown,0.338
business_trip,1,visited,set,0.458
business_tools,1,uses_tool,single,0.644
business_tool,1,uses_tool,single,0.637
business_task,1,current_goal,single,0.420
business_tagline,1,other,unknown,0.246
business_start_date,1,other,unknown,0.286
business_resources,1,other,unknown,0.284
business_product,1,other,unknown,0.312
business_plan_status,1,other,unknown,0.341
business_plan_resources,1,other,unknown,0.246
business_orders,1,ate_at,set,0.361
business_model,1,other,unknown,0.290
business_milestones,1,milestone,event,0.704
business_metrics,1,other,unknown,0.263
business_meetings,1,attended,set,0.401
business_location_interest,1,lives_in,single,0.357
business_interests,1,financial_activity,set,0.386
business_idea,1,other,unknown,0.289
business_goals,1,current_goal,single,0.639
business_goal,1,current_goal,single,0.631
business_duration,1,other,unknown,0.259
business_discussions,1,other,unknown,0.252
business_discounts,1,other,unknown,0.247
business_description,1,explained,speech,0.364
business_deals,1,other,unknown,0.292
business_contacts,1,other,unknown,0.299
business_card_content,1,other,unknown,0.331
business_advertising,1,other,unknown,0.272
bus_departure_time,1,other,unknown,0.206
bundle_offer,1,other,unknown,0.167
building_project,1,other,unknown,0.344
budgeting_advice,1,recommended,speech,0.575
budgeting,1,financial_activity,set,0.626
budget_plan,1,planned_event,event,0.527
brunch_chains,1,other,unknown,0.164
brother_milestone,1,milestone,event,0.629
bronchitis_treatment,1,other,unknown,0.267
brno_recommendations,1,recommended,speech,0.241
breeding_plans,1,planned_event,event,0.297
breakfast_treat_recommendations,1,recommended,speech,0.339
breakfast_recommendations,1,recommended,speech,0.337
breakfast_prep_ideas,1,other,unknown,0.345
breakfast_prep_duration,1,routine,single,0.369
breakfast_preference,1,routine,single,0.444
breakfast_plan,1,planned_event,event,0.433
breakfast_options_overnight,1,routine,single,0.453
breakfast_options_morning,1,routine,single,0.513
breakfast_habit,1,routine,single,0.601
breakfast_bowl_ingredients,1,other,unknown,0.311
branded_hashtag_usage_count,1,other,unknown,0.232
branded_hashtag_experiment,1,other,unknown,0.215
branded_hashtag,1,other,unknown,0.311
brand_searching_device_usage,1,used_service,set,0.427
brand_description,1,other,unknown,0.331
boxing_status,1,other,unknown,0.326
bot_platform_interest,1,other,unknown,0.241
boston_park_recommendation,1,recommended,speech,0.331
boston_dining_recommendations,1,recommended,speech,0.386
boston_common_t_stops,1,other,unknown,0.133
bookshelf_recommendations,1,recommended,speech,0.382
books_purchased,1,read,set,0.461
books_listening,1,read,set,0.544
booked_dining,1,ate_at,set,0.544
booked_airline,1,other,unknown,0.259
book_tracking_app,1,read,set,0.370
book_title_correction,1,read,set,0.382
book_title_belief,1,read,set,0.378
book_title,1,read,set,0.426
book_search_interest,1,read,set,0.448
book_request,1,read,set,0.416
book_release,1,read,set,0.437
book_recommendation_request,1,recommended,speech,0.407
book_project,1,read,set,0.417
book_preferences,1,read,set,0.534
book_interests,1,read,set,0.453
book_event_attendance,1,attended,set,0.551
book_discovery_tools,1,read,set,0.402
book_concepts,1,read,set,0.441
book_communities,1,read,set,0.443
book_club_recommendations,1,recommended,speech,0.383
book_club_plans,1,planned_event,event,0.368
book_chapter,1,read,set,0.412
book_appraiser,1,other,unknown,0.320
bonding_activity,1,other,unknown,0.192
bolognese_recipe_additions,1,other,unknown,0.303
body_wash_recommendations,1,recommended,speech,0.300
body_modifications,1,other,unknown,0.226
body_metrics,1,other,unknown,0.220
boat_rental,1,other,unknown,0.279
board_games_planned,1,other,unknown,0.339
board_game_recommendations,1,recommended,speech,0.258
board_game_count,1,other,unknown,0.318
board_game_collection,1,owns,set,0.294
bmw_strategy,1,other,unknown,0.288
bmw_model_info,1,other,unknown,0.225
blue_light_filter_apps,1,other,unknown,0.162
blood_sugar_monitoring_frequency,1,other,unknown,0.164
blood_sugar_monitoring,1,other,unknown,0.201
blood_pressure_tracking_method,1,other,unknown,0.191
blood_pressure_monitoring_frequency,1,other,unknown,0.148
blood_glucose_monitor,1,other,unknown,0.210
blogging_plans,1,planned_event,event,0.348
blog_post_workflow,1,other,unknown,0.185
blog_focus,1,other,unknown,0.278
blog_campaign,1,other,unknown,0.257
bitters_recommendation,1,recommended,speech,0.260
bitters_owned,1,owns,set,0.333
birthday_party_venue_ideas,1,other,unknown,0.327
birthday_gift,1,milestone,event,0.456
birthday_celebration,1,milestone,event,0.547
birth_date,1,event_occurred,event,0.425
birdwatching_tours,1,other,unknown,0.338
birdwatching_tour_duration,1,other,unknown,0.270
birdwatching_ranking,1,other,unknown,0.327
birdwatching_equipment,1,owns,set,0.294
birding_trip,1,visited,set,0.376
birding_tools,1,other,unknown,0.296
birding_skill_level,1,other,unknown,0.275
birding_sightings,1,other,unknown,0.289
birding_journal_stats,1,other,unknown,0.258
birding_apps,1,other,unknown,0.252
biotech_platform,1,other,unknown,0.205
binoculars,1,other,unknown,0.278
binge_watching_habit,1,routine,single,0.479
biking_glove_models,1,other,unknown,0.208
biking_glove_brands,1,other,unknown,0.243
bike_wheel_recommendations,1,recommended,speech,0.201
bike_upgrades,1,other,unknown,0.162
bike_trail_resources,1,other,unknown,0.175
bike_stand_recommendation,1,recommended,speech,0.112
bike_sharing_system,1,other,unknown,0.227
bike_share_program,1,other,unknown,0.167
bike_share_pricing,1,other,unknown,0.190
bike_share_perks,1,other,unknown,0.268
bike_routes,1,other,unknown,0.292
bike_rental_recommendations,1,recommended,speech,0.182
bike_rental_options,1,other,unknown,0.173
bike_recovery_recommendation,1,recommended,speech,0.187
bike_recommendations,1,recommended,speech,0.228
bike_rack_recommendation,1,recommended,speech,0.169
bike_pedals,1,other,unknown,0.180
bike_ownership,1,owns,set,0.566
bike_owned,1,owns,set,0.509
bike_mount_recommendation,1,recommended,speech,0.163
bike_lock_recommendation,1,recommended,speech,0.161
bike_light_recommendation,1,recommended,speech,0.192
bike_insurance_recommendation,1,recommended,speech,0.183
bike_fitting_resource,1,other,unknown,0.146
bike_computer_recommendation,1,recommended,speech,0.236
bike_color_scheme,1,other,unknown,0.142
bike_accessory,1,other,unknown,0.300
bidding_details,1,other,unknown,0.235
bidding_activity,1,other,unknown,0.227
bicycles_owned,1,owns,set,0.454
bicycles,1,other,unknown,0.272
bicycle_upgrades,1,other,unknown,0.185
bible_study_topic,1,other,unknown,0.303
bible_study_schedule,1,routine,single,0.279
bible_study_history,1,event_occurred,event,0.336
beverage_preferences,1,prefers,single,0.440
beverage_preference,1,prefers,single,0.446
beverage_habit,1,routine,single,0.344
beta_reading,1,read,set,0.477
best_surfing_location,1,other,unknown,0.276
best_friend_status,1,knows_person,set,0.483
best_friend_plans,1,planned_event,event,0.357
best_friend_communication,1,knows_person,set,0.464
behavioral_economics,1,financial_activity,set,0.395
beginner_programming_languages,1,other,unknown,0.168
beginner_game_engines,1,other,unknown,0.187
beginner_coding_resources,1,other,unknown,0.174
beeswax_wrap_maintenance,1,other,unknown,0.122
beer_preference,1,prefers,single,0.398
bedtime_wind_down,1,other,unknown,0.264
bedtime_tea,1,other,unknown,0.286
bedtime_rule,1,other,unknown,0.312
bedtime_reminder,1,routine,single,0.450
bedtime_habits,1,routine,single,0.589
bedside_lamp_bulb_lifespan,1,other,unknown,0.163
bedroom_plans,1,planned_event,event,0.334
bedroom_lighting,1,other,unknown,0.196
bedroom_lamp_recommendations,1,recommended,speech,0.268
bedroom_lamp_bulb,1,other,unknown,0.183
bedroom_humidifier,1,other,unknown,0.205
beauty_retailers,1,other,unknown,0.243
bbq_sauce_recommendation,1,recommended,speech,0.287
bbq_sauce_choice,1,other,unknown,0.281
bbq_playlist,1,other,unknown,0.317
bbq_plans,1,planned_event,event,0.319
bbq_interests,1,other,unknown,0.278
bbq_games,1,other,unknown,0.275
battery_specs,1,other,unknown,0.172
battery_case_brand_recommendations,1,recommended,speech,0.161
bathroom_scale,1,other,unknown,0.193
bathroom_organization,1,other,unknown,0.300
bathroom_mat,1,other,unknown,0.161
bathroom_light_fixture,1,other,unknown,0.146
bathroom_floor_material,1,other,unknown,0.165
bath_schedule,1,routine,single,0.272
basketball_shoe_recommendations,1,recommended,speech,0.204
basketball_league_recommendations,1,recommended,speech,0.360
basketball_league_interest,1,other,unknown,0.250
bar_supplies,1,other,unknown,0.298
band_membership,1,listened_to,set,0.399
band_members,1,other,unknown,0.305
band_history,1,event_occurred,event,0.332
band_finding_resources,1,listened_to,set,0.408
bamboo_straw_recommendations,1,recommended,speech,0.189
ballet_dancer_themes,1,other,unknown,0.188
ballet_dancer_symbolism,1,other,unknown,0.173
ballet_dancer_character_symbolism,1,other,unknown,0.149
baking_recommendations,1,recommended,speech,0.406
baking_projects,1,cooked,set,0.412
baking_preference,1,cooked,set,0.417
baking_ingredients,1,cooked,set,0.490
baking_habit,1,routine,single,0.404
baking_frequency,1,other,unknown,0.278
baking_attempts,1,other,unknown,0.345
bake_sale_collaborators,1,other,unknown,0.310
bag_inventory,1,owns,set,0.399
backyard_dimensions,1,other,unknown,0.278
backup_system,1,other,unknown,0.221
backup_storage,1,other,unknown,0.229
backup_software_recommendations,1,recommended,speech,0.279
backup_history,1,event_occurred,event,0.279
backup_hardware,1,other,unknown,0.176
back_pain_exercises,1,other,unknown,0.173
baby_shower_planning,1,other,unknown,0.339
baby_shower_photo_props,1,other,unknown,0.204
baby_shower_menu,1,other,unknown,0.288
baby_shower_games,1,other,unknown,0.224
baby_shower_display,1,other,unknown,0.218
baby_shower_decorations,1,other,unknown,0.288
baby_name_search,1,other,unknown,0.192
baby_monitor_interest,1,watched,set,0.358
baby_last_name,1,other,unknown,0.241
baby_formula_purchase,1,acquired,set,0.186
baby_carrier_recommendation,1,recommended,speech,0.217
baby_carrier_interest,1,other,unknown,0.308
baby_blanket_details,1,other,unknown,0.184
baby_age,1,other,unknown,0.270
ayurvedic_research_orgs,1,other,unknown,0.229
ayrshire_renewable_facilitators,1,other,unknown,0.231
aws_configuration,1,other,unknown,0.131
awards,1,other,unknown,0.343
avocado_toast_spots,1,other,unknown,0.226
average_grocery_spend,1,financial_activity,set,0.399
autox_participation,1,other,unknown,0.264
autox_locations,1,other,unknown,0.211
automotive_activities,1,drives,single,0.422
autocross_performance,1,other,unknown,0.143
autocross_participation,1,other,unknown,0.251
author_work,1,works_as,single,0.479
author_recommendation,1,recommended,speech,0.450
author_bibliography,1,other,unknown,0.343
authentication_service_recommendation,1,recommended,speech,0.413
authentication_recommendation,1,recommended,speech,0.375
australian_special_forces_history,1,event_occurred,event,0.161
australian_army_equipment,1,owns,set,0.273
australia_fertility_rate,1,other,unknown,0.254
australia_dependency_ratio,1,other,unknown,0.165
audition_interests,1,other,unknown,0.324
audiovisual_project_payment_schedule,1,routine,single,0.272
audiovisual_project_cost,1,other,unknown,0.230
audiobooks_to_read,1,read,set,0.498
audiobooks_to_buy,1,listened_to,set,0.355
audiobooks_read,1,read,set,0.520
audiobooks_planned,1,listened_to,set,0.366
audiobooks_listening,1,listened_to,set,0.460
audiobooks_in_progress,1,listened_to,set,0.371
audiobook_recommendation,1,recommended,speech,0.400
audiobook_queue,1,listened_to,set,0.361
audiobook_preference,1,other,unknown,0.341
audiobook_platform,1,other,unknown,0.308
audiobook_listening,1,listened_to,set,0.442
audiobook_habit,1,routine,single,0.357
audiobook_app,1,other,unknown,0.309
audiobook,1,listened_to,set,0.370
audio_software,1,other,unknown,0.310
audio_equipment_recommendation,1,recommended,speech,0.324
audience_polls,1,other,unknown,0.290
audience_activity_time,1,watched,set,0.373
auction_purchase,1,acquired,set,0.445
attractions_visited,1,visited,set,0.639
attraction_info,1,other,unknown,0.331
attachment_style,1,other,unknown,0.209
athletic_wear_recommendation,1,recommended,speech,0.261
asylum_process,1,other,unknown,0.243
asylum_interview_prep,1,other,unknown,0.236
astronomy_resource_url,1,other,unknown,0.147
assistant_values,1,explained,speech,0.444
assistant_urbanization_advice,1,recommended,speech,0.428
assistant_urban_planning_advice,1,recommended,speech,0.457
assistant_tools,1,uses_tool,single,0.534
assistant_summary,1,explained,speech,0.663
assistant_service,1,recommended,speech,0.513
assistant_recipe_recommendations,1,recommended,speech,0.557
assistant_ra_advice,1,recommended,speech,0.515
assistant_program,1,recommended,speech,0.517
assistant_plant_advice,1,recommended,speech,0.432
assistant_numerology_advice,1,recommended,speech,0.337
assistant_lifestyle,1,recommended,speech,0.483
assistant_hobbies,1,practises_hobby,set,0.512
assistant_handbag_brand_recommendations,1,recommended,speech,0.342
assistant_framework,1,recommended,speech,0.512
assistant_favorite_food,1,recommended,speech,0.483
assistant_experience,1,recommended,speech,0.520
assistant_decor_preference,1,recommended,speech,0.490
assistant_creation,1,explained,speech,0.559
assistant_bag_recommendations,1,recommended,speech,0.479
asmr_consumption,1,other,unknown,0.161
artwork_promotion_platforms,1,other,unknown,0.224
artwork_arrangement,1,other,unknown,0.167
artists_to_check_out,1,listened_to,set,0.398
artists_listened,1,listened_to,set,0.599
artist_group,1,other,unknown,0.238
artifact_interest,1,other,unknown,0.278
art_viewed,1,other,unknown,0.286
art_techniques,1,other,unknown,0.198
art_supply_store_recommendations,1,recommended,speech,0.301
art_supplies_recommendation,1,recommended,speech,0.327
art_studio_location,1,other,unknown,0.226
art_software,1,other,unknown,0.317
art_purchase_platforms,1,other,unknown,0.240
art_print_details,1,other,unknown,0.136
art_learning_recommendations,1,recommended,speech,0.403
art_interests,1,other,unknown,0.349
art_inspiration,1,other,unknown,0.230
art_facts,1,other,unknown,0.240
art_exhibits_seen,1,other,unknown,0.313
art_display,1,other,unknown,0.140
art_competition_goal,1,current_goal,single,0.410
art_community_recommendations,1,recommended,speech,0.403
art_classes,1,other,unknown,0.273
art_activities,1,practises_hobby,set,0.506
arrival_airport,1,other,unknown,0.256
arrabbiata_sauce_recipe,1,other,unknown,0.306
arena_television_status,1,other,unknown,0.220
arena_television_directors,1,other,unknown,0.246
ardabil_restaurants,1,ate_at,set,0.454
archiving_method,1,other,unknown,0.204
aquarium_test_kit_recommendation,1,recommended,speech,0.175
aquarium_size,1,other,unknown,0.274
aquarium_plants,1,grows,set,0.414
aquarium_plant_recommendation,1,recommended,speech,0.366
aquarium_plans,1,planned_event,event,0.318
aquarium_pets,1,owns_pet,single,0.437
aquarium_maintenance,1,other,unknown,0.200
aquarium_lighting,1,other,unknown,0.140
aquarium_keeping_experience,1,other,unknown,0.261
aquarium_heater,1,other,unknown,0.168
aquarium_fish,1,other,unknown,0.184
aquarium_equipment,1,owns,set,0.251
aquarium_additions,1,other,unknown,0.197
apps_to_check,1,other,unknown,0.276
apps_installed,1,other,unknown,0.341
apps,1,used_service,set,0.412
appraiser_recommendations,1,recommended,speech,0.360
appraiser_marketplace,1,other,unknown,0.254
appraisal_recommendation,1,recommended,speech,0.424
appraisal_model_preference,1,prefers,single,0.419
appointments,1,attended,set,0.434
applicant_vitals,1,other,unknown,0.265
applicant_profile,1,other,unknown,0.247
applicant_exercise,1,other,unknown,0.262
appliances,1,other,unknown,0.307
app_usage,1,used_service,set,0.540
app_support_start_date,1,other,unknown,0.257
app_subscription_tier,1,used_service,set,0.537
app_recommendations,1,recommended,speech,0.454
app_development,1,other,unknown,0.278
app_architecture,1,other,unknown,0.326
api_preferences,1,prefers,single,0.422
apartment_search_tools,1,other,unknown,0.349
apartment_details,1,lives_in,single,0.522
anxiety_management_techniques,1,other,unknown,0.293
antique_jewelry_display_retailers,1,other,unknown,0.244
antique_collections,1,owns,set,0.421
annual_salary,1,other,unknown,0.223
annual_income,1,financial_activity,set,0.362
ann_arbor_restaurants,1,ate_at,set,0.448
ann_arbor_museums,1,other,unknown,0.339
ann_arbor_cafes,1,other,unknown,0.329
ankle_boot_recommendations,1,recommended,speech,0.216
anime_setting,1,other,unknown,0.247
animal_shelter_staff,1,owns_pet,single,0.422
animal_behavior_documentary_recommendations,1,recommended,speech,0.375
analytics_tools,1,uses_tool,single,0.544
analytics_tool,1,uses_tool,single,0.532
amusement_park_activity,1,practises_hobby,set,0.371
amp_brand_knowledge,1,other,unknown,0.297
alpha_testing_recruitment,1,other,unknown,0.280
album_name,1,other,unknown,0.311
alaska_fishing_recommendation,1,recommended,speech,0.274
alarm_time,1,routine,single,0.380
alarm_clock_setting,1,routine,single,0.370
airport_experience,1,other,unknown,0.280
airline_voucher,1,other,unknown,0.211
airline_usage,1,other,unknown,0.269
airline_travel,1,visited,set,0.411
airline_preference,1,prefers,single,0.364
airline_miles,1,other,unknown,0.218
aircraft_design,1,other,unknown,0.119
ai_research_resources,1,other,unknown,0.282
ai_prompt_preference,1,recommended,speech,0.409
ai_project_labels,1,other,unknown,0.235
ai_project,1,other,unknown,0.272
ai_persona,1,other,unknown,0.287
ai_experience_years,1,other,unknown,0.277
ai_art_project,1,other,unknown,0.235
agritourism_plans,1,planned_event,event,0.314
age_range,1,other,unknown,0.191
aerodynamics_youtube_channel,1,other,unknown,0.165
aerodynamics_resource,1,other,unknown,0.158
adventure_providers,1,other,unknown,0.335
advanced_game_engines,1,other,unknown,0.219
administrative_task,1,explained,speech,0.394
addis_ababa_activities,1,other,unknown,0.268
ad_campaign_request,1,other,unknown,0.296
activity_recommendations,1,recommended,speech,0.503
activity_recommendation,1,recommended,speech,0.462
activity_plans,1,planned_event,event,0.440
activity_plan,1,planned_event,event,0.428
activewear_brand,1,other,unknown,0.329
active_projects,1,current_goal,single,0.437
active_program,1,other,unknown,0.316
active_game,1,current_goal,single,0.392
active_dataset,1,other,unknown,0.239
acting_role,1,works_as,single,0.447
acting_events,1,event_occurred,event,0.469
accounting_software,1,uses_tool,single,0.352
accommodation_preference,1,lives_in,single,0.379
accommodation_platform,1,other,unknown,0.273
accommodation_options,1,lives_in,single,0.355
accommodation_location,1,lives_in,single,0.456
accommodation_history,1,event_occurred,event,0.439
accommodation_booking,1,other,unknown,0.292
accessories_owned,1,owns,set,0.589
accessibility_apps,1,other,unknown,0.238
accela_agency_status,1,other,unknown,0.280
academic_work,1,studies,single,0.525
academic_submissions,1,studies,single,0.424
academic_research,1,studies,single,0.570
academic_program,1,studies,single,0.442
academic_outreach,1,studies,single,0.469
academic_majors,1,studies,single,0.525
academic_major_interest,1,studies,single,0.540
academic_degree,1,studies,single,0.439
academic_background,1,studies,single,0.510
academic_activities,1,studies,single,0.567
ac_location,1,other,unknown,0.269
ac_agreement_details,1,committed_to,speech,0.373
ac_agreement,1,committed_to,speech,0.361
